# The route planner's dungeon entrances, from the game's own world map links (data/map_icons.tsv):
# built by MapLinkPassages (test sources) from the game cache's objects. Do not edit by hand; rebuild.
# from x y plane (walkable, at the passage object) <tab> to x y plane (walkable, where the link leads) <tab> name <tab> source: the link (x y plane -> x y plane) and the object id
1192 2784 0	1189 9185 0	Enter Cave entrance	link 1191 2787 0 -> 1191 9185 0 object 60202
1230 3728 0	1242 10082 0	Enter Cave	link 1232 3729 0 -> 1242 10081 0 object 34499
1287 3132 0	1244 9527 0	Enter Cave	link 1290 3134 0 -> 1245 9528 0 object 57591
1292 3659 0	1420 10057 2	Enter Lizard dwelling	link 1292 3657 0 -> 1420 10057 2 object 34402
1294 3373 0	1295 9767 0	Enter Cave	link 1296 3374 0 -> 1296 9768 0 object 56439
1305 3573 0	1305 9973 0	Enter Lizardman lair	link 1307 3574 0 -> 1305 9974 0 object 30380
1311 3807 0	1311 10216 0	Activate Elevator controls	link 1309 3807 0 -> 1312 10214 0 object 34513
1312 3685 0	1440 10086 2	Enter Lizard dwelling	link 1312 3686 0 -> 1440 10086 2 object 34405
1314 3665 0	1442 10063 2	Enter Lizard dwelling	link 1314 3663 0 -> 1442 10063 2 object 34403
1324 3363 0	1323 9766 0	Squeeze-through Cave	link 1325 3364 0 -> 1325 9766 0 object 57279
1329 3669 0	1458 10069 2	Enter Lizard dwelling	link 1330 3669 0 -> 1458 10069 2 object 34404
1355 2919 0	1357 9318 0	Climb-down Staircase	link 1357 2920 0 -> 1358 9320 0 object 54948
1377 3054 0	1377 9454 0	Climb-down Ladder	link 1378 3054 0 -> 1378 9454 0 object 56469
1387 2915 0	1388 9313 0	Climb-down Staircase	link 1389 2916 0 -> 1389 9316 0 object 54946
1420 3588 0	1432 9913 0	Enter Cave	link 1420 3588 0 -> 1432 9913 0 object 42248
1435 3671 0	1434 10078 2	Enter Chasm	link 1433 3670 0 -> 1435 10078 2 object 30236
1435 3128 0	1439 9509 1	Pass-through Entrance	link 1436 3131 0 -> 1440 9508 1 object 51375
1439 9599 1	1437 9612 1	Pass-through Entrance	link 1440 9602 1 -> 1440 9613 1 object 51375
1447 2937 0	1446 9338 0	Enter Cellar entrance	link 1448 2938 0 -> 1448 9338 0 object 55047
1478 2926 0	1468 9327 0	Enter Backstage entrance	link 1478 2927 0 -> 1470 9327 0 object 54715
1483 3547 0	1482 9950 3	Enter Crypt Entrance	link 1483 3549 0 -> 1483 9950 3 object 32403
1497 3130 0	1486 9501 1	Enter Wolf Den	link 1497 3132 0 -> 1488 9502 1 object 54692
1556 3047 0	1555 9449 0	Climb-down Stairs	link 1558 3049 0 -> 1558 9449 0 object 51641
1599 3504 0	1596 9900 0	Enter Cave	link 1604 3508 0 -> 1597 9900 0 object 28855
1614 3176 0	1615 9576 0	Climb-down Ladder	link 1614 3174 0 -> 1615 9574 0 object 52625
1624 3164 0	1621 9564 0	Climb-up Ladder	link 1623 3165 0 -> 1623 9563 0 object 52614
1633 3671 0	1665 10051 0	Investigate Statue	link 1637 3673 0 -> 1666 10051 0 object 27785
1639 3165 0	1639 9564 0	Climb-down Staircase	link 1641 3166 0 -> 1641 9564 0 object 52641
1638 3096 0	1643 9491 0	Climb-up Staircase	link 1643 3092 0 -> 1642 9492 0 object 52012
1643 3449 0	1646 9848 0	Enter Cave	link 1644 3449 0 -> 1646 9849 0 object 31690
1668 3566 0	1797 9967 0	Climb-down Staircase	link 1670 3567 0 -> 1800 9968 0 object 34865
1691 3084 0	1694 9480 0	Climb-down Staircase	link 1693 3084 0 -> 1692 9480 0 object 50859
1691 3088 0	1694 9492 0	Climb-down Staircase	link 1693 3089 0 -> 1692 9492 0 object 50859
1701 3574 0	1830 9975 0	Climb-down Ladder	link 1702 3574 0 -> 1830 9973 0 object 34862
1795 3106 0	1796 9505 0	Enter Colosseum entrance	link 1795 3107 0 -> 1797 9506 0 object 50749
1812 3745 0	1813 10145 0	Open Manhole	link 1813 3745 0 -> 1813 10145 0 object 31706
1942 2804 0	1957 9189 0	Enter Cave	link 1940 2806 0 -> 1959 9190 0 object 60166
1964 3096 0	1931 9519 0	Enter Cave entrance	link 1967 3095 0 -> 1933 9520 0 object 60173
2074 3688 0	2073 10089 0	Climb-down Ladder	link 2075 3688 0 -> 2074 10089 0 object 60093
2131 2995 0	1940 9451 0	Climb-down Ladder	link 2131 2994 0 -> 1941 9451 0 object 40745
2141 3944 0	2330 10354 2	Climb-down Ladder	link 2142 3944 0 -> 2330 10352 2 object 14996
2219 3477 0	2293 9912 0	Enter Cave entrance	link 2219 3478 0 -> 2293 9914 0 object 60169
2217 2329 0	2217 8729 0	Enter Cave entrance	link 2220 2331 0 -> 2219 8730 0 object 60129
2276 3611 0	2276 9988 0	Enter Cave Entrance	link 2278 3611 0 -> 2275 9987 0 object 30177
2310 2918 0	2167 9307 0	Enter Cave	link 2309 2919 0 -> 2169 9308 0 object 40736
2400 3889 0	2393 10300 1	Open Cave	link 2401 3889 0 -> 2394 10297 1 object 21584
2403 3417 0	2409 9812 0	Enter Cave entrance	link 2403 3419 0 -> 2409 9811 0 object 17209
2411 3060 0	2404 9415 0	Enter Smoky cave	link 2412 3061 0 -> 2404 9414 0 object 30176
2428 3422 0	2429 9824 0	Enter Cave	link 2428 3424 0 -> 2429 9824 0 object 26709
2444 2818 0	1937 8965 1	Enter Cave entrance	link 2445 2819 0 -> 1939 8966 1 object 31606
2452 3232 0	3015 5629 0	Climb Ladder	link 2452 3231 0 -> 3015 5630 0 object 29635
2455 2846 0	1936 9009 1	Enter Mythic Statue	link 2457 2847 0 -> 1937 9009 1 object 31626
2467 3495 0	2462 9897 0	Climb-up Ladder	link 2463 3496 0 -> 2463 9897 0 object 4458
2464 4010 0	2460 10417 0	Enter Cave	link 2465 4012 0 -> 2461 10418 0 object 37433
2481 2890 0	1969 9032 1	Enter Cave	link 2483 2891 0 -> 1971 9033 1 object 31766
2508 3846 0	2508 10246 0	Climb-down Ladder	link 2509 3846 0 -> 2509 10246 0 object 15116
2512 3511 0	1761 5361 0	Dive in Whirlpool	link 2512 3508 0 -> 1764 5367 0 object 25274
2523 3740 0	2441 10145 0	Enter Cave entrance	link 2521 3740 0 -> 2439 10146 0 object 8929
2522 2861 0	2011 9005 1	Enter Hole	link 2523 2861 0 -> 2012 9005 1 object 31791
2524 2893 0	2532 9293 0	Enter Cave	link 2526 2894 0 -> 2534 9294 0 object 19039
2529 2205 0	2564 8629 0	Enter Cave	link 2530 2206 0 -> 2563 8630 0 object 62219
2541 2214 0	2575 8657 0	Climb-down Staircase	link 2541 2213 0 -> 2577 8657 0 object 62254
2541 3740 0	2545 10143 0	Enter Cave entrance	link 2543 3741 0 -> 2544 10144 0 object 8930
2560 3320 0	2660 9641 0	Climb-down Ladder	link 2561 3320 0 -> 2661 9641 0 object 10322
2561 3356 0	2561 9756 0	Climb-down Ladder	link 2562 3356 0 -> 2562 9756 0 object 17384
2568 3122 0	2568 9522 0	Climb-down Staircase	link 2569 3122 0 -> 2569 9522 0 object 16664
2569 3226 0	2569 9626 0	Climb-down Ladder	link 2569 3229 0 -> 2569 9629 0 object 17384
2584 3233 0	2570 9682 0	Enter Cave entrance	link 2587 3235 0 -> 2571 9685 0 object 2852
2593 3085 0	2594 9484 0	Climb-down Ladder	link 2594 3085 0 -> 2594 9486 0 object 17384
2602 3078 0	2603 9477 0	Climb-down Staircase	link 2604 3078 0 -> 2603 9479 0 object 16664
2619 3865 0	2617 10265 0	Climb-down Hole	link 2620 3865 0 -> 2618 10265 0 object 15203
2621 3392 0	2620 9796 0	Enter Cave Entrance	link 2623 3393 0 -> 2621 9795 0 object 2
2631 3294 0	2631 9694 0	Open Manhole	link 2632 3294 0 -> 2632 9694 0 object 881
2637 2414 0	2682 8875 0	Climb-down Dark hole	link 2637 2416 0 -> 2684 8876 0 object 60073
2696 3282 0	2695 9682 0	Climb-down Old ruin entrance	link 2696 3283 0 -> 2696 9682 0 object 18270
2724 3373 0	2724 9773 0	Climb-down Staircase	link 2724 3375 0 -> 2724 9775 0 object 16664
2731 3711 0	2773 10161 0	Enter Tunnel	link 2731 3713 0 -> 2772 10162 0 object 5008
2742 3153 0	2713 9564 0	Pay Dungeon entrance	link 2744 3154 0 -> 2714 9564 0 object 20877
2760 3061 0	2734 9478 0	Climb Rope	link 2760 3062 0 -> 2734 9477 0 object 66
2794 3718 0	2799 10134 0	Enter Tunnel	link 2796 3718 0 -> 2799 10136 0 object 5012
2796 3614 0	2808 10001 0	Enter Cave Entrance	link 2797 3615 0 -> 2809 10002 0 object 2123
2808 3194 0	2805 9592 0	Climb-down Ladder	link 2809 3194 0 -> 2805 9590 0 object 3617
2819 3374 0	2822 9774 0	Climb-down Ladder	link 2820 3374 0 -> 2822 9774 0 object 2408
2819 3484 0	2820 9882 0	Climb-down Stairs	link 2820 3484 0 -> 2820 9884 0 object 55
2823 3514 0	2823 9914 0	Climb-down Ladder	link 2823 3510 0 -> 2823 9910 0 object 16680
2823 3118 0	2830 9522 0	Search Rocks	link 2825 3118 0 -> 2829 9522 0 object 2584
2827 3646 0	2823 10050 0	Open Secret Door	link 2827 3647 0 -> 2824 10050 0 object 3762
2830 3677 0	2830 10077 2	Climb-down Troll ladder	link 2831 3677 0 -> 2831 10077 2 object 18833
2832 3542 0	2905 9968 0	Climb-down Ladder	link 2833 3542 0 -> 2906 9968 0 object 10042
2832 3255 0	2832 9657 0	Enter Hole	link 2834 3256 0 -> 2833 9657 0 object 25154
2840 3690 0	2837 10089 2	Enter Stronghold	link 2839 3690 0 -> 2837 10089 2 object 3771
2841 3424 0	2841 9824 0	Climb-down Ladder	link 2842 3424 0 -> 2842 9824 0 object 17384
2844 3516 0	2844 9916 0	Climb-down Ladder	link 2847 3516 0 -> 2847 9916 0 object 16680
2855 3168 0	2855 9569 0	Climb-down Rocks	link 2856 3168 0 -> 2856 9569 0 object 11441
2857 3516 0	2857 9916 0	Climb-down Ladder	link 2857 3519 0 -> 2857 9919 0 object 16680
2863 9570 0	2479 5175 0	Enter Cave entrance	link 2863 9572 0 -> 2480 5176 0 object 11835
2867 3938 0	2844 10351 0	Descend Stairs	link 2867 3941 0 -> 2845 10353 0 object 33234
2875 3480 0	2875 9880 0	Climb-down Stairs	link 2877 3480 0 -> 2877 9880 0 object 57
2883 3397 0	2883 9797 0	Climb-down Ladder	link 2884 3397 0 -> 2884 9797 0 object 16680
2891 3507 0	2891 9907 0	Climb-down Ladder	link 2892 3507 0 -> 2892 9907 0 object 17384
2911 4067 0	2887 10481 0	Enter Cave entrance	link 2913 4067 0 -> 2887 10481 0 object 60117
2916 3745 0	2880 5311 2	Tie-rope Hole	link 2918 3746 0 -> 2881 5311 2 object 26419
2923 3250 0	2923 9650 0	Climb-down Ladder	link 2924 3250 0 -> 2924 9650 0 object 17384
2965 3329 0	2960 9736 0	Enter Crypt	link 2965 3331 0 -> 2958 9737 0 object 39617
2998 3493 0	2950 5762 0	Enter Ruins Entrance	link 2999 3493 0 -> 2952 5766 0 object 41357
3004 3963 0	3004 10363 0	Climb-down Ladder	link 3005 3963 0 -> 3005 10363 0 object 14758
3009 3150 0	3009 9550 0	Climb-down Trapdoor	link 3007 3150 0 -> 3007 9550 0 object 1738
3015 3738 0	3065 10159 3	Enter Cave	link 3017 3739 0 -> 3066 10159 3 object 26766
3016 3849 0	3068 10256 0	Climb-down Ladder	link 3017 3849 0 -> 3069 10256 0 object 18987
3017 3232 0	2961 9651 0	Climb-down Manhole	link 3018 3232 0 -> 2962 9651 0 object 10321
3020 3450 0	3018 9850 0	Climb-down Trapdoor	link 3018 3450 0 -> 3019 9850 0 object 11867
3017 3339 0	3017 9739 0	Climb-down Ladder	link 3019 3339 0 -> 3019 9739 0 object 30367
3043 3924 0	3044 10323 0	Climb-down Staircase	link 3045 3924 0 -> 3045 10329 0 object 16664
3045 2980 0	1502 4643 0	Climb-down Ladder	link 3046 2980 0 -> 1503 4643 0 object 58029
3044 2997 0	3040 9397 0	Enter Cave entrance	link 3046 2998 0 -> 3042 9397 0 object 58092
3057 3376 0	3059 9775 0	Climb-down Staircase	link 3059 3377 0 -> 3059 9778 0 object 16664
3066 3740 0	3187 10127 0	Jump-Down Crevice	link 3068 3741 0 -> 3188 10127 0 object 40386
3068 3856 0	3016 10249 0	Climb-down Ladder	link 3069 3856 0 -> 3017 10249 0 object 18989
3072 3654 0	3197 10056 0	Enter Cavern	link 3075 3655 0 -> 3196 10056 0 object 31555
3081 3421 0	1858 5244 0	Climb-down Entrance	link 3081 3420 0 -> 1859 5243 0 object 20790
3083 3272 0	3083 9672 0	Open Trapdoor	link 3084 3272 0 -> 3084 9672 0 object 6434
3087 3571 0	3087 9971 0	Climb-down Ladder	link 3088 3571 0 -> 3088 9971 0 object 16680
3090 3956 0	2539 4712 0	Pull Lever	link 3090 3956 0 -> 2539 4712 0 object 5959
3091 3362 0	3116 9754 0	Climb-down Ladder	link 3092 3362 0 -> 3117 9754 0 object 133
3097 3467 0	3096 9867 0	Open Trapdoor	link 3097 3469 0 -> 3097 9867 0 object 1579
3103 3162 0	3103 9575 0	Climb-down Ladder	link 3104 3162 0 -> 3103 9576 0 object 2147
3115 3356 0	3076 9775 0	Climb-down Stairs	link 3115 3357 0 -> 3081 9774 0 object 2616
3115 3452 0	3115 9852 0	Climb-down Ladder	link 3116 3452 0 -> 3116 9852 0 object 17384
3117 3244 0	3118 9644 0	Open Trapdoor	link 3118 3244 0 -> 3118 9642 0 object 6434
3122 2489 0	3126 8878 0	Enter Cave entrance	link 3121 2490 0 -> 3126 8880 0 object 57908
3123 3831 0	3241 10233 0	Enter Cavern	link 3125 3832 0 -> 3241 10234 0 object 31556
3149 3347 0	3157 9713 0	Investigate Strange hole	link 3150 3347 0 -> 3158 9714 0 object 40341
3166 3251 0	3148 9653 0	Open Trapdoor	link 3165 3252 0 -> 3149 9653 0 object 5492
3168 3172 0	3168 9572 0	Climb-down Dark hole	link 3169 3172 0 -> 3169 9572 0 object 5947
3176 2476 0	3167 8872 0	Unblock Cave entrance	link 3176 2478 0 -> 3168 8874 0 object 58439
3187 3355 0	3189 9758 0	Climb-up Staircase	link 3189 3355 0 -> 3190 9758 0 object 11797
3209 3215 0	3208 9616 0	Climb-down Trapdoor	link 3209 3218 0 -> 3209 9616 0 object 14880
3220 3787 0	3295 10202 1	Jump-Down Crevice	link 3222 3788 0 -> 3295 10202 1 object 46995
3224 6042 0	3223 12446 0	Enter Cave	link 3225 6044 0 -> 3225 12446 0 object 36690
3226 3108 0	3483 9510 2	Climb-down Tunnel entrance	link 3227 3108 0 -> 3483 9510 2 object 3827
3228 6114 0	3031 6123 1	Enter Gauntlet Portal	link 3228 6116 0 -> 3032 6123 1 object 36081
3229 3504 0	3229 9904 0	Climb-down Hole	link 3230 3504 0 -> 3230 9904 0 object 7142
3231 3950 0	3232 10351 0	Enter Cavern	link 3231 3952 0 -> 3232 10352 0 object 26762
3230 3937 0	3233 10332 0	Enter Cavern	link 3232 3936 0 -> 3233 10331 0 object 26762
3235 2416 0	3236 8880 0	Enter Cave entrance	link 3235 2418 0 -> 3237 8882 0 object 57915
3236 3458 0	3237 9858 0	Open Manhole	link 3237 3458 0 -> 3237 9858 0 object 881
3243 3383 0	3243 9783 0	Climb-down Ladder	link 3244 3383 0 -> 3244 9783 0 object 11803
3240 3949 0	3243 10351 0	Enter Cavern	link 3244 3949 0 -> 3243 10352 0 object 26762
3259 3663 0	3383 10050 0	Walk-down Stairs	link 3260 3666 0 -> 3384 10050 0 object 40388
3259 3832 0	3335 10286 0	Enter Cave	link 3261 3833 0 -> 3336 10286 0 object 47175
3268 6047 0	3301 12454 0	Enter Cave entrance	link 3271 6049 0 -> 3302 12455 0 object 36556
3271 2463 0	3283 8868 1	Climb Steps	link 3272 2463 0 -> 3286 8868 1 object 57904
3281 6057 0	3032 6069 0	Channel Teleport Platform	link 3281 6059 0 -> 3033 6069 0 object 36198
3281 3774 0	3357 10244 0	Enter Cave	link 3283 3775 0 -> 3359 10244 0 object 47175
3283 3807 0	3362 10273 0	Enter Cave	link 3285 3808 0 -> 3360 10273 0 object 47175
3292 3746 0	3405 10145 0	Walk-down Stairs	link 3293 3746 0 -> 3405 10146 0 object 40390
3290 3848 0	3359 10328 0	Enter Cave Entrance	link 3293 3850 0 -> 3359 10328 0 object 47140
3309 3449 0	3104 5279 0	Enter Rift	link 3309 3450 0 -> 3105 5279 0 object 13967
3320 3120 0	3305 9497 0	Enter Cave	link 3320 3122 0 -> 3305 9497 0 object 30180
3320 3793 0	3423 10204 2	Enter Cave Entrance	link 3321 3795 0 -> 3423 10204 2 object 47077
3319 3830 0	3381 10287 0	Enter Cave	link 3321 3831 0 -> 3383 10288 0 object 47175
3358 3149 0	3364 11483 0	Enter Cave	link 3361 3150 0 -> 3366 11482 0 object 44635
3405 3508 0	3405 9906 0	Open Trapdoor	link 3405 3506 0 -> 3405 9907 0 object 1579
3416 3535 0	3412 9932 3	Climb-down Ladder	link 3417 3535 0 -> 3412 9930 3 object 30191
3425 3484 0	3440 9887 0	Squeeze-through Ornate railing	link 3422 3484 0 -> 3440 9886 0 object 17000
3487 3320 0	3493 9726 0	Open Wooden doors	link 3485 3321 0 -> 3493 9726 0 object 4132
3491 3230 0	3489 9632 0	Climb-over Broken wall	link 3489 3231 0 -> 3490 9632 0 object 12737
3495 3464 0	3476 9846 0	Open Trapdoor	link 3495 3464 0 -> 3477 9846 0 object 5055
3543 3463 0	3548 9864 0	Open Trapdoor	link 3543 3461 0 -> 3549 9864 0 object 11636
3654 3519 0	3668 9887 3	Open Trapdoor	link 3652 3519 0 -> 3668 9888 0 object 16113
3655 3408 0	3677 9795 0	Enter Cave	link 3657 3409 0 -> 3679 9796 0 object 42594
3676 3853 0	3595 10291 0	Climb Down Trap Door	link 3678 3854 0 -> 3596 10292 0 object 30842
3681 3497 0	3681 9962 0	Open Trapdoor	link 3680 3498 0 -> 3682 9962 0 object 11667
3718 3307 0	3733 9684 0	Climb-down Trapdoor	link 3719 3307 0 -> 3732 9683 0 object 32643
3727 3356 0	3725 9756 1	Climb-down Trapdoor	link 3725 3356 0 -> 3726 9756 1 object 32641
3726 3300 0	3738 9699 1	Climb-down Stairs	link 3728 3300 0 -> 3738 9702 1 object 32637
3744 3778 0	3603 10231 0	Enter Cave Entrance	link 3746 3779 0 -> 3604 10231 0 object 30869
3749 2973 0	3748 9373 0	Enter Cave entrance	link 3748 2973 0 -> 3750 9373 0 object 3650
3763 3899 0	3730 10282 1	Travel Rowboat	link 3761 3899 0 -> 3732 10281 1 object 30919
3813 3062 0	3813 9462 0	Climb-down Staircase	link 3815 3062 0 -> 3815 9462 0 object 5270
3812 3807 0	3806 10194 3	Climb-down Volcano Entrance	link 3816 3808 0 -> 3808 10193 3 object 31031
3828 3062 0	3828 9462 0	Climb-down Staircase	link 3830 3062 0 -> 3830 9462 0 object 5270
1189 9185 0	1192 2784 0	Exit Cave exit	link 1191 9185 0 -> 1191 2787 0 object 60203
1242 10082 0	1230 3728 0	Exit Cave	link 1242 10080 0 -> 1232 3729 0 object 34435
1244 9527 0	1287 3132 0	Enter Cave	link 1245 9528 0 -> 1290 3134 0 object 57592
1291 10077 0	1292 3676 0	Jump-in Strange hole	link 1293 10077 1 -> 1292 3676 0 object 34422
1295 9767 0	1294 3373 0	Exit Cave	link 1296 9768 0 -> 1296 3374 0 object 56440
1305 9973 0	1305 3573 0	Squeeze-through Crevice	link 1305 9974 0 -> 1307 3574 0 object 30381
1311 10188 0	1311 3807 0	Exit Cave exit	link 1312 10188 0 -> 1309 3807 0 object 34514
1323 9766 0	1324 3363 0	Squeeze-through Cave	link 1325 9766 0 -> 1325 3364 0 object 57278
1357 9318 0	1355 2919 0	Climb-up Staircase	link 1358 9320 0 -> 1357 2920 0 object 54947
1377 9454 0	1377 3054 0	Climb-up Ladder	link 1378 9454 0 -> 1378 3054 0 object 56468
1388 9313 0	1387 2915 0	Climb-up Staircase	link 1389 9316 0 -> 1389 2916 0 object 54945
1432 9913 0	1420 3588 0	Exit Cave	link 1432 9913 0 -> 1420 3588 0 object 42247
1434 10078 2	1435 3671 0	Climb-up Rope	link 1435 10078 2 -> 1433 3670 0 object 30234
1439 9509 1	1435 3128 0	Pass-through Entrance	link 1440 9508 1 -> 1436 3131 0 object 51375
1437 9612 1	1439 9599 1	Pass-through Entrance	link 1440 9613 1 -> 1440 9602 1 object 51377
1446 9338 0	1447 2937 0	Climb-up Stairs	link 1448 9338 0 -> 1448 2938 0 object 54716
1469 3653 0	1649 9986 0	Enter Hole	link 1470 3653 0 -> 1650 9986 0 object 28919
1468 9327 0	1478 2926 0	Climb-up Stairs	link 1470 9327 0 -> 1476 2927 0 object 54717
1482 9950 3	1483 3547 0	Climb-up Ladder	link 1483 9950 3 -> 1483 3549 0 object 32401
1486 9501 1	1497 3130 0	Exit Cave	link 1488 9502 1 -> 1497 3132 0 object 54690
1502 4643 0	3045 2980 0	Climb-up Ladder	link 1503 4643 0 -> 3046 2980 0 object 58027
1555 9449 0	1556 3047 0	Climb-up Stairs	link 1558 9449 1 -> 1558 3049 0 object 51642
1562 3791 0	1616 10102 0	Enter Hole	link 1563 3791 0 -> 1617 10102 0 object 28921
1596 9900 0	1599 3504 0	Climb Vine	link 1597 9900 0 -> 1604 3508 0 object 28856
1615 9576 0	1614 3176 0	Climb-up Ladder	link 1615 9574 0 -> 1614 3174 0 object 52624
1616 10102 0	1562 3791 0	Climb-up Vine	link 1617 10102 0 -> 1563 3791 0 object 28895
1621 9564 0	1624 3164 0	Climb-up Ladder	link 1623 9563 0 -> 1623 3165 0 object 52622
1639 9564 0	1639 3165 0	Climb-up Staircase	link 1641 9564 0 -> 1641 3166 0 object 52642
1643 9491 0	1638 3096 0	Climb-up Staircase	link 1642 9492 0 -> 1643 3092 0 object 56511
1646 9848 0	1643 3449 0	Climb Sand pile	link 1646 9849 0 -> 1644 3449 0 object 31691
1649 9986 0	1469 3653 0	Climb-up Vine	link 1650 9986 0 -> 1470 3653 0 object 28896
1694 9480 0	1691 3084 0	Climb-up Staircase	link 1692 9480 0 -> 1693 3084 0 object 50860
1694 9492 0	1691 3088 0	Climb-up Staircase	link 1692 9492 0 -> 1693 3089 0 object 50860
1695 3865 0	1718 10102 0	Enter Hole	link 1696 3865 0 -> 1719 10102 0 object 28920
1718 10102 0	1695 3865 0	Climb-up Vine	link 1719 10102 0 -> 1696 3865 0 object 28898
1752 5136 0	2986 3316 0	Climb Rope	link 1752 5136 0 -> 2986 3315 0 object 12230
1761 5361 0	2531 3446 0	Ride Aged log	link 1763 5361 0 -> 2531 3446 0 object 25216
1796 9505 0	1795 3106 0	Exit Stairs	link 1797 9506 0 -> 1795 3107 0 object 50750
1797 9967 0	1668 3566 0	Climb-up Staircase	link 1800 9968 0 -> 1670 3567 0 object 34864
1813 10145 0	1812 3745 0	Climb-up Ladder	link 1813 10145 0 -> 1813 3745 0 object 31708
1830 9975 0	1701 3574 0	Climb-up Ladder	link 1830 9973 0 -> 1702 3574 0 object 34863
1858 5244 0	3081 3421 0	Climb-up Ladder	link 1859 5243 0 -> 3081 3420 0 object 20784
1912 5226 0	3081 3421 0	Climb-up Ladder	link 1913 5226 0 -> 3081 3420 0 object 20784
1931 9519 0	1964 3096 0	Exit Opening	link 1933 9520 0 -> 1967 3095 0 object 60174
1936 9009 1	2455 2846 0	Climb-up Ladder	link 1937 9009 1 -> 2457 2847 0 object 32205
1937 8965 1	2444 2818 0	Enter Cave	link 1939 8966 1 -> 2445 2819 0 object 31807
1940 9451 0	2131 2995 0	Climb-up Ladder	link 1941 9451 0 -> 2131 2994 0 object 40746
1957 9189 0	1942 2804 0	Exit Cave	link 1959 9190 0 -> 1940 2806 0 object 60167
1969 9032 1	2481 2890 0	Enter Cave	link 1971 9033 1 -> 2483 2891 0 object 31806
2011 9005 1	2522 2861 0	Climb Vine ladder	link 2012 9005 1 -> 2523 2861 0 object 31790
2073 10089 0	2074 3688 0	Climb-up Ladder	link 2074 10089 0 -> 2075 3688 0 object 60094
2167 9307 0	2310 2918 0	Exit Opening	link 2169 9308 0 -> 2309 2919 0 object 40737
2181 3326 0	3205 6078 0	Enter City Gate	link 2183 3327 0 -> 3207 6079 0 object 36519
2217 8729 0	2217 2329 0	Exit Opening	link 2219 8730 0 -> 2220 2331 0 object 60144
2238 3269 0	3262 6021 0	Enter City Gate	link 2239 3270 0 -> 3263 6022 0 object 36518
2238 3383 0	3262 6135 0	Enter City Gate	link 2239 3384 0 -> 3263 6136 0 object 36519
2276 9988 0	2276 3611 0	Leave Cave Exit	link 2275 9987 0 -> 2278 3611 0 object 30178
2293 9912 0	2219 3477 0	Exit Cave exit	link 2293 9914 0 -> 2219 3478 0 object 60170
2295 3326 0	3319 6078 0	Enter City Gate	link 2297 3327 0 -> 3321 6079 0 object 36518
2309 5239 0	3081 3421 0	Climb-up Bone Chain	link 2309 5240 0 -> 3081 3420 0 object 23732
2330 10354 2	2141 3944 0	Climb-up Ladder	link 2330 10352 2 -> 2142 3944 0 object 14995
2349 5215 0	3081 3421 0	Climb-up Bone Chain	link 2350 5215 0 -> 3081 3420 0 object 23732
2393 10300 1	2400 3889 0	Exit Cave opening	link 2394 10297 1 -> 2401 3889 0 object 21597
2404 9415 0	2411 3060 0	Use Crevice	link 2404 9414 0 -> 2412 3061 0 object 534
2409 9812 0	2403 3417 0	Exit Tunnel	link 2409 9811 0 -> 2403 3419 0 object 17223
2429 9824 0	2427 3423 0	Use Tunnel	link 2429 9824 0 -> 2429 3424 0 object 27257
2441 10145 0	2523 3740 0	Climb Steps	link 2439 10146 0 -> 2521 3740 0 object 8966
2451 4473 0	3202 3169 0	Use Fairy ring	link 2452 4473 0 -> 3203 3169 0 object 12094
2460 10417 0	2464 4010 0	Exit Steps	link 2461 10418 0 -> 2465 4012 0 object 37411
2462 9897 0	2467 3495 0	Climb-up Ladder	link 2463 9897 0 -> 2463 3497 0 object 17385
2479 5175 0	2863 9570 0	Enter Cave exit	link 2480 5176 0 -> 2863 9572 0 object 11836
2485 4471 0	3260 3171 0	Use Fairy ring	link 2486 4471 0 -> 3260 3171 0 object 12003
2508 10246 0	2508 3846 0	Climb-up Ladder	link 2509 10246 0 -> 2509 3846 0 object 15115
2532 9293 0	2524 2893 0	Exit Cave	link 2534 9294 0 -> 2526 2894 0 object 19037
2539 4712 0	3090 3956 0	Pull Lever	link 2539 4712 0 -> 3090 3956 0 object 5960
2545 10143 0	2541 3740 0	Climb Iron ladder	link 2544 10144 0 -> 2543 3741 0 object 10177
2554 9658 0	2555 3258 0	Climb-up Ladder	link 2555 9658 0 -> 2555 3258 0 object 17385
2561 9756 0	2561 3356 0	Climb-up Ladder	link 2562 9756 0 -> 2562 3356 0 object 17385
2564 8629 0	2529 2205 0	Exit Cave	link 2563 8630 0 -> 2529 2206 0 object 62220
2568 9522 0	2568 3122 0	Climb-up Staircase	link 2569 9522 0 -> 2569 3122 0 object 16665
2569 9626 0	2569 3226 0	Climb-up Ladder	link 2569 9629 0 -> 2569 3229 0 object 17385
2570 9682 0	2584 3233 0	Climb-up Stairs	link 2571 9685 0 -> 2587 3235 0 object 2853
2575 8657 0	2541 2214 0	Climb-up Staircase	link 2577 8657 0 -> 2541 2213 0 object 62255
2594 9484 0	2593 3085 0	Climb-up Ladder	link 2594 9486 0 -> 2594 3085 0 object 17385
2603 9477 0	2602 3078 0	Climb-up Staircase	link 2603 9479 0 -> 2604 3078 0 object 16665
2617 10265 0	2619 3865 0	Climb-up Exit	link 2618 10265 0 -> 2620 3865 0 object 15193
2620 9796 0	2621 3392 0	Climb-over Mud pile	link 2621 9795 0 -> 2623 3393 0 object 13
2631 9694 0	2631 3294 0	Climb-up Ladder	link 2632 9694 0 -> 2632 3294 0 object 17385
2660 9641 0	2560 3320 0	Climb-up Ladder	link 2661 9641 0 -> 2561 3320 0 object 10309
2682 8875 0	2637 2414 0	Climb-up Rope	link 2684 8876 0 -> 2637 2416 0 object 60076
2695 9682 0	2696 3282 0	Climb-up Exit	link 2696 9682 0 -> 2696 3283 0 object 18354
2713 9564 0	2742 3153 0	Leave Exit	link 2714 9564 0 -> 2744 3154 0 object 20878
2724 9773 0	2724 3373 0	Climb-up Staircase	link 2724 9775 0 -> 2724 3375 0 object 16665
2734 9478 0	2760 3061 0	Use Crevice	link 2734 9477 0 -> 2760 3062 0 object 30201
2747 5374 0	3317 9602 0	Open Bone door	link 2751 5375 0 -> 3318 9602 0 object 22945
2773 10161 0	2731 3711 0	Enter Tunnel	link 2772 10164 0 -> 2731 3713 0 object 5014
2799 10134 0	2794 3718 0	Enter Tunnel	link 2800 10135 0 -> 2796 3718 0 object 5013
2805 9592 0	2808 3194 0	Climb Climbing rope	link 2805 9590 0 -> 2809 3194 0 object 3610
2808 10001 0	2796 3614 0	Enter Tunnel	link 2809 10002 0 -> 2797 3615 0 object 2141
2820 9882 0	2819 3484 0	Climb-up Stairs	link 2820 9884 0 -> 2820 3484 0 object 54
2823 9914 0	2823 3514 0	Climb-up Ladder	link 2823 9910 0 -> 2823 3510 0 object 17385
2823 10050 0	2827 3646 0	Open Exit	link 2824 10050 0 -> 2827 3647 0 object 3761
2830 9522 0	2823 3118 0	Climb Hand holds	link 2829 9522 0 -> 2825 3118 0 object 2585
2830 10077 2	2830 3677 0	Climb-up Troll ladder	link 2831 10077 2 -> 2831 3677 0 object 18834
2832 9657 0	2832 3255 0	Climb Climbing rope	link 2833 9657 0 -> 2834 3256 0 object 25213
2837 10089 2	2840 3690 0	Leave Exit	link 2837 10089 2 -> 2839 3690 0 object 3773
2838 9387 0	2824 2998 0	Climb-up Ladder	link 2838 9388 0 -> 2825 2998 0 object 23584
2841 9824 0	2841 3424 0	Climb-up Ladder	link 2842 9824 0 -> 2842 3424 0 object 17385
2844 10351 0	2867 3938 0	Climb Steps	link 2845 10353 0 -> 2867 3941 0 object 33261
2844 9916 0	2844 3516 0	Climb-up Ladder	link 2847 9916 0 -> 2847 3516 0 object 17385
2855 9569 0	2855 3168 0	Climb Climbing rope	link 2856 9569 0 -> 2856 3168 0 object 18969
2857 9916 0	2857 3516 0	Climb-up Ladder	link 2857 9919 0 -> 2857 3519 0 object 17385
2855 10334 0	2845 3960 0	Enter Smelly hole	link 2857 10333 0 -> 2843 3958 0 object 33262
2873 9750 0	3250 3772 0	Open Magic door	link 2873 9750 0 -> 3250 3772 0 object 2407
2874 9868 0	2913 10167 0	Ride Train cart	link 2875 9864 0 -> 2912 10172 0 object 7030
2875 9880 0	2875 3480 0	Climb-up Stairs	link 2877 9880 0 -> 2877 3480 0 object 56
2880 5311 2	2916 3745 0	Climb Rope	link 2881 5311 2 -> 2918 3746 0 object 26370
2883 9797 0	2883 3397 0	Climb-up Ladder	link 2884 9797 0 -> 2884 3397 0 object 17385
2887 10481 0	2911 4067 0	Exit Cave exit	link 2887 10481 0 -> 2913 4067 0 object 60118
2891 9907 0	2891 3507 0	Climb-up Ladder	link 2892 9907 0 -> 2892 3507 0 object 17387
2905 9968 0	2832 3542 0	Climb-up Ladder	link 2906 9968 0 -> 2833 3542 0 object 9742
2923 9650 0	2923 3250 0	Climb-up Ladder	link 2924 9650 0 -> 2924 3250 0 object 17385
2950 5770 0	2998 3493 0	Investigate Willow's bag	link 2952 5766 0 -> 2999 3493 0 object 41448
2960 9736 0	2965 3329 0	Climb Stairs	link 2958 9737 0 -> 2965 3331 0 object 39609
2961 9651 0	3017 3232 0	Climb-up Ladder	link 2962 9651 0 -> 3018 3232 0 object 10309
2967 4379 2	3200 3679 0	Enter Private portal	link 2966 4380 2 -> 3203 3681 0 object 9370
3004 10363 0	3004 3963 0	Climb-up Ladder	link 3005 10363 0 -> 3005 3963 0 object 17385
3009 9550 0	3009 3150 0	Climb-up Ladder	link 3007 9550 1 -> 3007 3150 0 object 17385
3015 5629 0	2452 3232 0	Climb Ladder	link 3015 5630 0 -> 2452 3231 0 object 29636
3016 10249 0	3068 3856 0	Climb-up Ladder	link 3017 10249 0 -> 3069 3856 0 object 18990
3017 9739 0	3017 3339 0	Climb-up Ladder	link 3019 9739 0 -> 3019 3339 0 object 17385
3018 9850 0	3018 3450 0	Climb-up Ladder	link 3019 9850 0 -> 3019 3450 0 object 17387
3031 6123 1	3228 6114 0	Channel Teleport Platform	link 3032 6123 1 -> 3228 6116 0 object 36082
3032 6069 0	3281 6057 0	Channel Teleport Platform	link 3033 6069 0 -> 3281 6059 0 object 36197
3040 9397 0	3044 2997 0	Exit Opening	link 3042 9397 0 -> 3046 2998 0 object 58093
3046 10326 0	3043 3924 0	Use Crevice	link 3045 10329 0 -> 3045 3924 0 object 19043
3059 9775 0	3057 3376 0	Climb-up Staircase	link 3059 9778 0 -> 3059 3377 0 object 23969
3065 10159 3	3015 3738 0	Use Crevice	link 3065 10157 3 -> 3017 3739 0 object 26767
3068 10256 0	3016 3849 0	Climb-up Ladder	link 3069 10256 0 -> 3017 3849 0 object 18988
3076 9775 0	3115 3356 0	Open Coffin	link 3081 9774 0 -> 3115 3357 0 object 46237
3083 9672 0	3083 3272 0	Climb-up Ladder	link 3084 9672 0 -> 3084 3272 0 object 17385
3087 9971 0	3087 3571 0	Climb-up Ladder	link 3088 9971 0 -> 3088 3571 0 object 17385
3096 9867 0	3096 3468 0	Climb-up Ladder	link 3097 9867 0 -> 3097 3468 0 object 17385
3103 9575 0	3103 3162 0	Climb-up Ladder	link 3103 9576 0 -> 3104 3162 0 object 2148
3104 5279 0	3309 3449 0	Climb-up Rope	link 3105 5279 0 -> 3309 3450 0 object 13999
3115 9852 0	3115 3452 0	Climb-up Ladder	link 3116 9852 0 -> 3116 3452 0 object 17385
3116 9754 0	3091 3362 0	Climb-up Ladder	link 3117 9754 0 -> 3092 3362 0 object 132
3118 9644 0	3117 3244 0	Climb-up Ladder	link 3118 9642 0 -> 3118 3244 0 object 6436
3126 8878 0	3122 2489 0	Exit Cave exit	link 3126 8880 0 -> 3121 2490 0 object 57909
3148 9653 0	3165 3252 0	Climb-up Ladder	link 3149 9653 0 -> 3166 3252 0 object 5493
3157 9713 0	3149 3347 0	Climb-up Rope	link 3158 9714 0 -> 3150 3347 0 object 40330
3167 8872 0	3176 2476 0	Exit Cave exit	link 3168 8874 0 -> 3176 2478 0 object 58442
3168 9572 0	3168 3172 0	Climb Climbing rope	link 3169 9572 0 -> 3169 3172 0 object 5946
3189 9758 0	3187 3355 0	Climb-up Ladder	link 3190 9758 0 -> 3190 3355 0 object 10560
3202 3169 0	2451 4473 0	Open Door	link 3203 3169 0 -> 2452 4473 0 object 2406
3205 6078 0	2181 3326 0	Exit City Gate	link 3207 6079 0 -> 2183 3327 0 object 36523
3208 9616 0	3208 3216 0	Climb-up Ladder	link 3209 9616 0 -> 3209 3216 0 object 17385
3217 10058 0	3102 3655 0	Climb-up Stairs	link 3218 10058 0 -> 3103 3655 0 object 31558
3223 12446 0	3224 6042 0	Exit Steps	link 3225 12446 0 -> 3225 6044 0 object 36691
3229 9904 0	3229 3504 0	Climb-up Ladder	link 3230 9904 0 -> 3230 3504 0 object 17385
3232 10351 0	3231 3950 0	Use Crevice	link 3232 10352 0 -> 3231 3952 0 object 26763
3233 10332 0	3230 3937 0	Use Crevice	link 3233 10331 0 -> 3232 3936 0 object 26763
3236 8880 0	3235 2416 0	Exit Cave exit	link 3237 8882 0 -> 3235 2418 0 object 57916
3237 9858 0	3236 3458 0	Climb-up Ladder	link 3237 9858 0 -> 3237 3458 0 object 11806
3243 10351 0	3240 3949 0	Use Crevice	link 3243 10352 0 -> 3244 3949 0 object 26763
3243 9783 0	3243 3383 0	Climb-up Ladder	link 3244 9783 0 -> 3244 3383 0 object 2405
3244 10214 0	3123 3807 0	Climb-up Stairs	link 3245 10215 0 -> 3123 3806 0 object 43868
3262 6021 0	2238 3269 0	Exit City Gate	link 3263 6022 0 -> 2239 3270 0 object 36522
3262 6135 0	2238 3383 0	Exit City Gate	link 3263 6136 0 -> 2239 3384 0 object 36523
3283 8868 1	3271 2463 0	Climb Steps	link 3286 8868 1 -> 3272 2463 0 object 57903
3294 10192 1	3362 10273 0	Exit Cave	link 3295 10189 1 -> 3360 10273 0 object 46925
3301 12454 0	3268 6047 0	Exit Steps	link 3302 12455 0 -> 3271 6049 0 object 36215
3305 9497 0	3320 3120 0	Use Crevice	link 3305 9497 0 -> 3320 3122 0 object 26712
3317 9602 0	2747 5374 0	Open Door	link 3318 9602 0 -> 2751 5375 0 object 6919
3319 6078 0	2295 3326 0	Exit City Gate	link 3321 6079 0 -> 2297 3327 0 object 36522
3335 10286 0	3259 3832 0	Exit Cave	link 3336 10286 0 -> 3261 3833 0 object 47148
3358 9128 0	3356 2711 0	Leave Exit	link 3359 9129 0 -> 3358 2711 0 object 46087
3357 10244 0	3281 3774 0	Exit Cave	link 3359 10244 0 -> 3283 3775 0 object 47147
3358 10317 0	3362 10273 0	Exit Cave	link 3359 10313 0 -> 3360 10273 0 object 47122
3362 10273 0	3283 3807 0	Climb-up Exit	link 3360 10273 0 -> 3285 3808 0 object 47149
3364 11483 0	3358 3149 0	Exit Exit	link 3366 11481 0 -> 3361 3150 0 object 44636
3381 10287 0	3319 3830 0	Exit Cave	link 3383 10288 0 -> 3321 3831 0 object 47148
3383 10050 0	3259 3663 0	Exit Opening	link 3384 10050 0 -> 3260 3666 0 object 40389
3405 9906 0	3405 3508 0	Climb-up Ladder	link 3405 9907 0 -> 3405 3506 0 object 17385
3405 10145 0	3292 3746 0	Exit Opening	link 3405 10146 0 -> 3293 3746 0 object 40391
3411 9931 3	3416 3535 0	Climb-up Ladder	link 3412 9931 3 -> 3417 3535 0 object 30192
3422 10184 2	3362 10273 0	Exit Cave	link 3423 10182 2 -> 3360 10273 0 object 47000
3440 9887 0	3425 3484 0	Pass-through Holy barrier	link 3440 9886 0 -> 3422 3484 0 object 3443
3476 9846 0	3495 3464 0	Climb-up Ladder	link 3477 9846 0 -> 3495 3464 0 object 5054
3483 9510 2	3226 3108 0	Climb-up Rope	link 3483 9510 2 -> 3227 3108 0 object 3829
3489 9632 0	3491 3230 0	Climb-up Ladder	link 3490 9631 0 -> 3489 3231 0 object 12779
3493 9726 0	3487 3320 0	Open Solid bronze door	link 3493 9726 0 -> 3485 3321 0 object 4106
3548 9864 0	3542 3462 0	Climb-up Ladder	link 3549 9864 0 -> 3543 3462 0 object 11635
3595 10291 0	3676 3853 0	Climb-up Exit	link 3596 10292 0 -> 3678 3854 0 object 30844
3603 10231 0	3744 3778 0	Exit Cave Exit	link 3604 10231 0 -> 3746 3779 0 object 30878
3677 9795 0	3655 3408 0	Exit Cave	link 3679 9796 0 -> 3657 3409 0 object 42595
3681 9962 0	3681 3497 0	Climb-up ladder	link 3682 9962 0 -> 3681 3498 0 object 11666
3683 9887 0	3652 3519 0	Climb-up Stairs	link 3683 9888 0 -> 3653 3519 0 object 16108
3725 9756 1	3727 3356 0	Climb-up Ladder	link 3726 9756 1 -> 3725 3356 0 object 32642
3733 9684 0	3718 3307 0	Climb-up Ladder	link 3732 9683 0 -> 3719 3307 0 object 32644
3730 10282 1	3763 3899 0	Climb Anchor rope	link 3732 10281 1 -> 3761 3899 0 object 30948
3738 9699 1	3726 3300 0	Climb-up Stairs	link 3738 9702 1 -> 3728 3300 0 object 32638
3748 9373 0	3749 2973 0	Exit Cave	link 3750 9373 0 -> 3748 2973 0 object 5553
3806 10194 3	3812 3807 0	Climb-up Exit	link 3807 10193 3 -> 3816 3808 0 object 31032
3813 9462 0	3813 3062 0	Climb-up Staircase	link 3815 9462 0 -> 3815 3062 0 object 5269
3828 9462 0	3828 3062 0	Climb-up Staircase	link 3830 9462 0 -> 3830 3062 0 object 5269
