# Boss	Location	Where
# Where to go for bosses fought in an instance, whose wiki page shows no spawns on a map: the way in to their lair,
# as the game has it (its objects), from the OSRS Wiki's descriptions (CC BY-NC-SA 3.0). Location is x y plane.
The Nightmare	3808 9780 1	Pool of Nightmares, Sisterhood Sanctuary
Phosani's Nightmare	3808 9780 1	Pool of Nightmares, Sisterhood Sanctuary
Royal Titans	2968 9549 0	Tunnel to the Royal Titans, Asgarnian Ice Dungeon
Eldric the Ice King	2968 9549 0	Tunnel to the Royal Titans, Asgarnian Ice Dungeon
Branda the Fire Queen	2968 9549 0	Tunnel to the Royal Titans, Asgarnian Ice Dungeon
Grotesque Guardians	3426 3542 2	Roof entrance, Slayer Tower
Dusk	3426 3542 2	Roof entrance, Slayer Tower
Dawn	3426 3542 2	Roof entrance, Slayer Tower
Zulrah	2214 3056 0	Sacrificial boat, Zul-Andra
Hespori	1246 10086 0	Hespori patch, Farming Guild
Skotizo	1663 10047 0	Altar in the Catacombs of Kourend (use a dark totem)
Nex	2899 5203 0	Nex's door, Ancient Prison
Doom of Mokhaiotl	1314 9547 0	The Doom's lobby, Ruins of Mokhaiotl
Amoxliatl	1601 9630 0	Frozen door, Ruins of Tapoyauik
Ahrim the Blighted	3565 3289 0	Ahrim's mound, Barrows
Dharok the Wretched	3575 3298 0	Dharok's mound, Barrows
Guthan the Infested	3577 3283 0	Guthan's mound, Barrows
Karil the Tainted	3566 3275 0	Karil's mound, Barrows
Torag the Corrupted	3553 3283 0	Torag's mound, Barrows
Verac the Defiled	3557 3298 0	Verac's mound, Barrows
