# Game world map icons, as baked into the OSRS Wiki's map tiles. Built by local-development/tools/map-icons from OSRS cache 2720 (openrs2, 2026-09-23T14:00:06.608472Z); names from the wiki map's icon list.
# K <tab> element id <tab> kind <tab> name <tab> wiki page    (kind: shop, quest, link, dungeon, other)
# <x y plane> <tab> element id [<tab> <x y plane> the map link leads to [<tab> <x y plane> the other reading, where the world map draws it; the plugin's MapLinkTargets picks the one with ground]]
K	0	shop	General store	General store
K	1	shop	Sword shop	Sword shop
K	2	shop	Magic shop	Magic shop
K	3	shop	Axe shop	Axe shop
K	4	shop	Helmet shop	Helmet shop
K	5	other	Bank	Bank
K	7	shop	Amulet shop	Amulet shop
K	8	other	Mining site	Mining site
K	9	other	Furnace	Furnace
K	10	other	Anvil	Anvil
K	11	other	Dummy	Dummy
K	12	dungeon	Dungeon	Dungeon
K	13	link	Map link	
K	14	link	Map link	
K	15	shop	Staff shop	Staff shop
K	16	shop	Platebody shop	Platebody
K	17	shop	Platelegs shop	Platelegs
K	18	shop	Scimitar shop	
K	19	shop	Archery shop	
K	20	shop	Shield shop	
K	21	other	Altar	
K	22	shop	Herbalist	
K	23	shop	Jewellery shop	
K	24	shop	Gem shop	
K	25	shop	Crafting shop	
K	26	shop	Candle shop	
K	27	shop	Fishing shop	
K	28	other	Fishing spot	
K	29	shop	Clothes shop	
K	30	shop	Apothecary	
K	31	shop	Silk trader	
K	32	shop	Kebab seller	
K	33	other	Pub	
K	34	shop	Mace shop	
K	35	other	Tannery	
K	36	other	Rare trees	
K	37	other	Spinning wheel	
K	38	shop	Food shop	
K	39	shop	Cookery shop	
K	40	other	Minigame	
K	41	other	Water source	
K	42	other	Cooking range	
K	43	shop	Plateskirt shop	
K	44	other	Potters wheel	
K	45	other	Windmill	
K	46	shop	Mining shop	
K	47	shop	Chainmail shop	
K	48	shop	Silver shop	
K	49	shop	Fur trader	
K	50	shop	Spice shop	
K	51	other	Agility training	
K	52	shop	Vegetable store	
K	53	other	Slayer Master	
K	54	other	Hairdresser	
K	55	other	Farming patch	
K	56	other	Makeover mage	
K	58	other	Transportation	
K	59	other	House portal	
K	60	shop	Farming shop	
K	61	other	Loom	
K	62	other	Brewery	
K	63	other	Dairy churn	
K	64	other	Stagnant water source	
K	65	other	Hunter training	
K	66	other	Poll booth	
K	67	shop	Hunter shop	
K	68	other	Estate Agent	
K	69	other	Sawmill	
K	70	other	Stonemason	
K	71	other	Agility short-cut	
K	72	other	Woodcutting stump	
K	74	other	Sandpit	
K	75	other	Task Master	
K	76	shop	Pet insurance shop	
K	77	shop	Bounty Hunter Store	
K	79	other	Pricing expert (weapons and armours)	
K	80	other	Pricing expert (logs)	
K	81	other	Pricing expert (herbs)	
K	82	other	Pricing expert (runes)	
K	83	other	Pricing expert (ores)	
K	84	other	Grand Exchange	
K	86	shop	Speedrunning shop	Speedrunning shop
K	91	other	Raids Lobby	
K	165	other	Agility shortcut (one way)	Agility shortcut
K	178	quest	Learning the Ropes	Learning the Ropes
K	239	quest	Desert Treasure II - The Fallen Empire	Desert Treasure II - The Fallen Empire
K	263	quest	The Garden of Death	The Garden of Death
K	274	other	Lumbridge Guide	
K	280	quest	The Ides of Milk	The Ides of Milk
K	576	other	Bank Tutor	
K	577	other	Security Tutor	
K	578	other	Woodcutting Tutor	
K	579	other	Mining Tutor	
K	580	other	Fishing Tutor	
K	581	other	Hunting Tutor	
K	582	other	Smithing Tutor	
K	583	other	Crafting Tutor	
K	584	other	Cooking Tutor	
K	585	other	Combat Tutor	
K	586	other	Prayer Tutor	
K	587	other	Danger Tutor	
K	588	other	Ironman Tutor	
K	589	other	Deadman Tutor	
K	590	other	Bond Tutor	
K	591	shop	Holiday item trader	
K	592	shop	Wine trader	
K	593	other	Junk checker	
K	594	shop	Newspaper trader	
K	595	shop	Tea trader	
K	596	other	Dairy cow	
K	597	shop	Dye trader	
K	598	shop	Garden supplier	
K	599	shop	Rope trader	
K	600	other	Taxidermist	
K	619	other	Clue tutor	Arthur the Clue Hunter
K	630	other	Stone Gate	
K	631	other	Singing bowl	Singing bowl
K	645	other	Leagues tutor	Leagues Tutor
K	650	other	Bird house site	Bird house trapping
K	652	other	Death's Office	Death's Office
K	680	other	Distraction and Diversion	Distractions and Diversions
K	690	other	Clan Hub	Clan Hub
K	697	other	Combat Achievements	Combat Achievements
K	701	quest	Animal Magnetism	Animal Magnetism
K	702	quest	Another Slice of H.A.M.	Another Slice of H.A.M.
K	703	quest	The Ascent of Arceuus	The Ascent of Arceuus
K	704	quest	Below Ice Mountain	Below Ice Mountain
K	705	quest	Between a Rock...	Between a Rock...
K	706	quest	Big Chompy Bird Hunting	Big Chompy Bird Hunting
K	707	quest	Biohazard	Biohazard
K	708	quest	Black Knights' Fortress	Black Knights' Fortress
K	709	quest	Bone Voyage	Bone Voyage
K	710	quest	Cabin Fever	Cabin Fever
K	711	quest	Client of Kourend	Client of Kourend
K	712	quest	Clock Tower	Clock Tower
K	713	quest	Cold War	Cold War
K	714	quest	Contact!	Contact!
K	715	quest	Cook's Assistant	Cook's Assistant
K	716	quest	The Corsair Curse	The Corsair Curse
K	717	quest	Creature of Fenkenstrain	Creature of Fenkenstrain
K	718	quest	Darkness of Hallowvale	Darkness of Hallowvale
K	719	quest	Death Plateau	Death Plateau
K	720	quest	Death to the Dorgeshuun	Death to the Dorgeshuun
K	721	quest	Demon Slayer	Demon Slayer
K	722	quest	The Depths of Despair	The Depths of Despair
K	723	quest	Desert Treasure I	Desert Treasure I
K	724	quest	Devious Minds	Devious Minds
K	725	quest	The Dig Site	The Dig Site
K	726	quest	Doric's Quest	Doric's Quest
K	727	quest	Dragon Slayer I	Dragon Slayer I
K	728	quest	Dragon Slayer II	Dragon Slayer II
K	729	quest	Dream Mentor	Dream Mentor
K	730	quest	Druidic Ritual	Druidic Ritual
K	731	quest	Dwarf Cannon	Dwarf Cannon
K	732	quest	Eadgar's Ruse	Eadgar's Ruse
K	733	quest	Eagles' Peak	Eagles' Peak
K	734	quest	Elemental Workshop I	Elemental Workshop I
K	735	quest	Elemental Workshop II	Elemental Workshop II
K	736	quest	Enakhra's Lament	Enakhra's Lament
K	737	quest	Enlightened Journey	Enlightened Journey
K	738	quest	Ernest the Chicken	Ernest the Chicken
K	739	quest	The Eyes of Glouphrie	The Eyes of Glouphrie
K	740	quest	Fairytale I - Growing Pains	Fairytale I - Growing Pains
K	741	quest	Fairytale II - Cure a Queen	Fairytale II - Cure a Queen
K	742	quest	Family Crest	Family Crest
K	743	quest	The Feud	The Feud
K	744	quest	Fight Arena	Fight Arena
K	745	quest	Fishing Contest	Fishing Contest
K	746	quest	Forgettable Tale...	Forgettable Tale...
K	747	quest	The Forsaken Tower	The Forsaken Tower
K	748	quest	The Fremennik Exiles	The Fremennik Exiles
K	749	quest	The Fremennik Isles	The Fremennik Isles
K	750	quest	The Fremennik Trials	The Fremennik Trials
K	751	quest	Garden of Tranquillity	Garden of Tranquillity
K	752	quest	Gertrude's Cat	Gertrude's Cat
K	753	quest	Getting Ahead	Getting Ahead
K	754	quest	Ghosts Ahoy	Ghosts Ahoy
K	755	quest	The Giant Dwarf	The Giant Dwarf
K	756	quest	Goblin Diplomacy	Goblin Diplomacy
K	757	quest	The Golem	The Golem
K	758	quest	The Grand Tree	The Grand Tree
K	759	quest	The Great Brain Robbery	The Great Brain Robbery
K	760	quest	Grim Tales	Grim Tales
K	761	quest	The Hand in the Sand	The Hand in the Sand
K	762	quest	Haunted Mine	Haunted Mine
K	763	quest	Hazeel Cult	Hazeel Cult
K	764	quest	Heroes' Quest	Heroes' Quest
K	765	quest	Holy Grail	Holy Grail
K	766	quest	Horror from the Deep	Horror from the Deep
K	767	quest	Icthlarin's Little Helper	Icthlarin's Little Helper
K	768	quest	Imp Catcher	Imp Catcher
K	769	quest	In Aid of the Myreque	In Aid of the Myreque
K	770	quest	In Search of the Myreque	In Search of the Myreque
K	771	quest	Jungle Potion	Jungle Potion
K	772	quest	A Kingdom Divided	A Kingdom Divided
K	773	quest	King's Ransom	King's Ransom
K	774	quest	The Knight's Sword	The Knight's Sword
K	775	quest	Legends' Quest	Legends' Quest
K	776	quest	Lost City	Lost City
K	777	quest	The Lost Tribe	The Lost Tribe
K	778	quest	Lunar Diplomacy	Lunar Diplomacy
K	779	quest	Making Friends with My Arm	Making Friends with My Arm
K	780	quest	Making History	Making History
K	781	quest	Merlin's Crystal	Merlin's Crystal
K	782	quest	Misthalin Mystery	Misthalin Mystery
K	783	quest	Monkey Madness I	Monkey Madness I
K	784	quest	Monkey Madness II	Monkey Madness II
K	785	quest	Monk's Friend	Monk's Friend
K	786	quest	Mountain Daughter	Mountain Daughter
K	787	quest	Mourning's End Part I	Mourning's End Part I
K	788	quest	Mourning's End Part II	Mourning's End Part II
K	789	quest	Murder Mystery	Murder Mystery
K	790	quest	My Arm's Big Adventure	My Arm's Big Adventure
K	791	quest	Nature Spirit	Nature Spirit
K	792	quest	A Night at the Theatre	A Night at the Theatre
K	793	quest	Observatory Quest	Observatory Quest
K	794	quest	Olaf's Quest	Olaf's Quest
K	795	quest	One Small Favour	One Small Favour
K	796	quest	Pirate's Treasure	Pirate's Treasure
K	797	quest	Plague City	Plague City
K	798	quest	A Porcine of Interest	A Porcine of Interest
K	799	quest	Priest in Peril	Priest in Peril
K	800	quest	Prince Ali Rescue	Prince Ali Rescue
K	801	quest	The Queen of Thieves	The Queen of Thieves
K	802	quest	Rag and Bone Man I	Rag and Bone Man I
K	803	quest	Rag and Bone Man II	Rag and Bone Man II
K	804	quest	Ratcatchers	Ratcatchers
K	805	quest	Recipe for Disaster - Culinaromancer	Recipe for Disaster - Culinaromancer
K	806	quest	Recruitment Drive	Recruitment Drive
K	807	quest	Regicide	Regicide
K	808	quest	The Restless Ghost	The Restless Ghost
K	809	quest	Romeo & Juliet	Romeo & Juliet
K	810	quest	Roving Elves	Roving Elves
K	811	quest	Royal Trouble	Royal Trouble
K	812	quest	Rum Deal	Rum Deal
K	813	quest	Rune Mysteries	Rune Mysteries
K	814	quest	Scorpion Catcher	Scorpion Catcher
K	815	quest	Sea Slug	Sea Slug
K	816	quest	Shades of Mort'ton	Shades of Mort'ton
K	817	quest	Shadow of the Storm	Shadow of the Storm
K	818	quest	Sheep Herder	Sheep Herder
K	819	quest	Sheep Shearer	Sheep Shearer
K	820	quest	Shield of Arrav	Shield of Arrav
K	821	quest	Shilo Village	Shilo Village
K	822	quest	Sins of the Father	Sins of the Father
K	823	quest	The Slug Menace	The Slug Menace
K	824	quest	Song of the Elves	Song of the Elves
K	825	quest	A Soul's Bane	A Soul's Bane
K	826	quest	Spirits of the Elid	Spirits of the Elid
K	827	quest	Swan Song	Swan Song
K	828	quest	Tai Bwo Wannai Trio	Tai Bwo Wannai Trio
K	829	quest	A Tail of Two Cats	A Tail of Two Cats
K	830	quest	Tale of the Righteous	Tale of the Righteous
K	831	quest	A Taste of Hope	A Taste of Hope
K	832	quest	Tears of Guthix	Tears of Guthix
K	833	quest	Temple of Ikov	Temple of Ikov
K	834	quest	Throne of Miscellania	Throne of Miscellania
K	835	quest	The Tourist Trap	The Tourist Trap
K	836	quest	Tower of Life	Tower of Life
K	837	quest	Tree Gnome Village	Tree Gnome Village
K	838	quest	Tribal Totem	Tribal Totem
K	839	quest	Troll Romance	Troll Romance
K	840	quest	Troll Stronghold	Troll Stronghold
K	841	quest	Underground Pass	Underground Pass
K	842	quest	Vampyre Slayer	Vampyre Slayer
K	843	quest	Wanted!	Wanted!
K	844	quest	Watchtower	Watchtower
K	845	quest	Waterfall Quest	Waterfall Quest
K	846	quest	What Lies Below	What Lies Below
K	847	quest	Witch's House	Witch's House
K	848	quest	Witch's Potion	Witch's Potion
K	849	quest	X Marks the Spot	X Marks the Spot
K	850	quest	Zogre Flesh Eaters	Zogre Flesh Eaters
K	853	quest	Land of the Goblins	Land of the Goblins
K	854	quest	Temple of the Eye	Temple of the Eye
K	857	quest	Beneath Cursed Sands	Beneath Cursed Sands
K	858	other	Trip hammer	Trip hammer
K	859	other	Grindstone	Grindstone
K	860	other	Polishing wheel	Polishing wheel
K	863	quest	Sleeping Giants	Sleeping Giants
K	871	quest	Secrets of the North	Secrets of the North
K	887	shop	Forestry shop	Forestry Shop
K	897	quest	The Path of Glouphrie	The Path of Glouphrie
K	898	quest	Children of the Sun	Children of the Sun
K	899	quest	Defender of Varrock	Defender of Varrock
K	901	other	Thieving activity	Thieving
K	936	quest	Twilight's Promise	Twilight's Promise
K	937	quest	At First Light	At First Light
K	938	quest	Perilous Moons	Perilous Moons
K	939	quest	The Ribbiting Tale of a Lily Pad Labour Dispute	The Ribbiting Tale of a Lily Pad Labour Dispute
K	940	quest	While Guthix Sleeps	While Guthix Sleeps
K	957	quest	The Heart of Darkness	The Heart of Darkness
K	958	quest	Death on the Isle	Death on the Isle
K	959	quest	Meat and Greet	Meat and Greet
K	960	quest	Ethically Acquired Antiquities	Ethically Acquired Antiquities
K	961	quest	The Curse of Arrav	The Curse of Arrav
K	963	other	Fairy ring (AIS)	Fairy ring
K	964	other	Fairy ring (AIR)	Fairy ring
K	965	other	Fairy ring (AIQ)	Fairy ring
K	966	other	Fairy ring (ALP)	Fairy ring
K	967	other	Fairy ring (ALS)	Fairy ring
K	968	other	Fairy ring (ALR)	Fairy ring
K	969	other	Fairy ring (ALQ)	Fairy ring
K	970	other	Fairy ring (AKP)	Fairy ring
K	971	other	Fairy ring (AKS)	Fairy ring
K	972	other	Fairy ring (AKR)	Fairy ring
K	973	other	Fairy ring (AKQ)	Fairy ring
K	974	other	Fairy ring (AJP)	Fairy ring
K	975	other	Fairy ring (AJS)	Fairy ring
K	976	other	Fairy ring (AJR)	Fairy ring
K	977	other	Fairy ring (AJQ)	Fairy ring
K	978	other	Fairy ring (DIP)	Fairy ring
K	979	other	Fairy ring (DIS)	Fairy ring
K	980	other	Fairy ring (DIR)	Fairy ring
K	982	other	Fairy ring (DLP)	Fairy ring
K	983	other	Fairy ring (DLS)	Fairy ring
K	984	other	Fairy ring (DLR)	Fairy ring
K	985	other	Fairy ring (DLQ)	Fairy ring
K	986	other	Fairy ring (DKP)	Fairy ring
K	987	other	Fairy ring (DKS)	Fairy ring
K	988	other	Fairy ring (DKR)	Fairy ring
K	990	other	Fairy ring (DJP)	Fairy ring
K	992	other	Fairy ring (DJR)	Fairy ring
K	994	other	Fairy ring (CIP)	Fairy ring
K	995	other	Fairy ring (CIS)	Fairy ring
K	996	other	Fairy ring (CIR)	Fairy ring
K	997	other	Fairy ring (CIQ)	Fairy ring
K	998	other	Fairy ring (CLP)	Fairy ring
K	999	other	Fairy ring (CLS)	Fairy ring
K	1000	other	Fairy ring (CLR)	Fairy ring
K	1002	other	Fairy ring (CKP)	Fairy ring
K	1003	other	Fairy ring (CKS)	Fairy ring
K	1004	other	Fairy ring (CKR)	Fairy ring
K	1005	other	Fairy ring (CKQ)	Fairy ring
K	1008	other	Fairy ring (CJR)	Fairy ring
K	1009	other	Fairy ring (CJQ)	Fairy ring
K	1010	other	Fairy ring (BIP)	Fairy ring
K	1011	other	Fairy ring (BIS)	Fairy ring
K	1013	other	Fairy ring (BIQ)	Fairy ring
K	1014	other	Fairy ring (BLP)	Fairy ring
K	1015	other	Fairy ring (BLS)	Fairy ring
K	1016	other	Fairy ring (BLR)	Fairy ring
K	1018	other	Fairy ring (BKP)	Fairy ring
K	1020	other	Fairy ring (BKR)	Fairy ring
K	1021	other	Fairy ring (BKQ)	Fairy ring
K	1022	other	Fairy ring (BJP)	Fairy ring
K	1023	other	Fairy ring (BJS)	Fairy ring
K	1024	other	Fairy ring (BJR)	Fairy ring
K	1042	other	Vale totem site	Totem site
K	1043	quest	The Final Dawn	The Final Dawn
K	1044	quest	Shadows of Custodia	Shadows of Custodia
K	1046	quest	Scrambled!	Scrambled!
K	1048	other	Trawling shoal	Trawling shoal
K	1049	other	Barracuda Trials	Barracuda Trials
K	1050	other	Salvaging spot	Salvage
K	1051	other	Port task board	Notice board (Sailing)
K	1052	other	Salvaging station	Salvaging station
K	1053	other	Ledger table	Ledger table
K	1054	other	Shipwright	Shipwright
K	1055	other	Docking point	Docking point
K	1056	other	Crew Registrar	Crew Registrar
K	1251	quest	Current Affairs	Current Affairs
K	1252	quest	Prying Times	Prying Times
K	1253	quest	Troubled Tortugans	Troubled Tortugans
K	1254	quest	Pandemonium	Pandemonium
K	1255	quest	The Red Reef	The Red Reef
K	1260	quest	The Blood Moon Rises	The Blood Moon Rises
K	1265	quest	Fallen From Grace	Fallen From Grace
K	1266	quest	A Ruff Situation	A Ruff Situation
K	1267	quest	Crab Quest	Crab Quest
1373 3045 0	0
1379 3351 0	0
1413 2973 0	0
1425 9556 1	0
1515 2987 0	0
1517 3224 0	0
1519 3591 0	0
1553 3754 0	0
1627 3288 0	0
1669 3123 0	0
1717 3724 0	0
1720 3065 0	0
1773 3588 0	0
1776 10146 0	0
1809 3722 0	0
1888 3298 0	0
1955 9172 0	0
2097 3907 0	0
2145 5024 0	0
2195 3140 0	0
2327 3690 0	0
2333 3805 0	0
2335 3185 0	0
2377 4447 0	0
2465 3286 0	0
2508 10259 0	0
2509 3640 1	0
2521 3036 0	0
2527 3161 0	0
2566 2255 0	0
2612 3294 0	0
2642 3170 0	0
2650 2664 0	0
2656 3152 0	0
2717 5314 0	0
2753 2775 0	0
2767 3122 0	0
2783 6129 0	0
2803 3432 0	0
2825 2958 0	0
2870 10189 0	0
2905 3148 0	0
2911 6193 0	0
2927 3546 0	0
2946 3217 0	0
2956 3389 0	0
2994 9828 0	0
3025 3701 0	0
3080 3509 0	0
3173 3035 0	0
3177 2986 0	0
3212 3246 0	0
3216 3415 0	0
3301 6052 0	0
3316 3182 0	0
3359 2987 0	0
3415 2911 0	0
3476 3495 0	0
3487 3295 0	0
3516 3241 0	0
3641 3336 0	0
3658 3474 0	0
3726 3817 0	0
3920 4887 0	0
1449 9585 1	1
1567 3545 0	1
1658 3139 0	1
2019 5534 2	1
2339 5406 2	1
2467 2846 2	1
2467 3486 2	1
2477 5146 0	1
2484 4450 0	1
2513 3384 0	1
2827 10230 0	1
2854 3537 1	1
2873 10210 0	1
2885 3450 0	1
3170 2416 0	1
3206 3399 0	1
3259 6060 0	1
3297 2806 0	1
3324 9607 0	1
3910 4871 0	1
1212 3119 0	2
1425 9568 1	2
1679 3764 0	2
1716 3745 0	2
2462 5124 0	2
2595 3087 1	2
2659 2653 0	2
2757 2769 0	2
3014 3259 0	2
3222 6112 0	2
3253 3403 0	2
3620 9475 0	2
3957 4875 0	2
1296 3796 0	3
1402 3341 0	3
1653 3500 0	3
2856 3535 1	3
3026 3250 0	3
3233 3203 0	3
1514 2994 0	4
2664 3693 0	4
3074 3429 0	4
1245 3122 0	5
1249 3760 0	5
1251 3570 0	5
1253 3743 0	5
1322 3825 0	5
1382 2865 0	5
1387 3310 0	5
1398 9312 0	5
1401 2927 0	5
1416 3353 0	5
1437 3820 0	5
1455 3861 0	5
1455 9568 1	5
1477 3873 0	5
1486 3645 0	5
1487 3591 0	5
1498 3856 0	5
1513 3421 0	5
1520 3228 0	5
1526 3293 0	5
1527 3743 0	5
1541 3040 0	5
1550 9874 0	5
1589 3475 0	5
1611 3679 2	5
1628 3750 0	5
1641 3944 0	5
1648 3119 0	5
1675 3615 0	5
1714 6133 0	5
1717 3464 0	5
1747 3600 0	5
1747 5477 0	5
1780 3093 0	5
1803 3793 0	5
1805 9501 0	5
1809 3567 0	5
1883 3317 0	5
1936 2754 0	5
1948 4957 0	5
1992 5534 1	5
2003 5528 1	5
2012 9186 0	5
2020 5932 0	5
2093 9197 0	5
2097 3687 0	5
2098 3920 0	5
2134 4907 0	5
2190 6227 0	5
2194 2314 0	5
2212 2860 0	5
2281 2547 0	5
2312 5406 1	5
2323 5400 1	5
2331 3686 0	5
2336 3809 0	5
2351 3165 0	5
2382 4460 0	5
2395 5985 0	5
2405 5986 0	5
2417 3799 0	5
2440 3486 1	5
2444 5181 0	5
2445 3082 0	5
2447 3424 0	5
2451 3480 1	5
2463 2849 1	5
2535 4713 0	5
2537 3574 0	5
2540 5143 0	5
2569 2866 0	5
2579 7833 0	5
2584 3420 0	5
2587 2260 0	5
2614 3093 0	5
2617 3331 0	5
2620 3896 0	5
2655 2387 0	5
2657 3284 0	5
2662 3161 0	5
2667 2651 0	5
2699 5348 0	5
2726 3494 0	5
2730 3379 2	5
2780 2782 0	5
2798 5170 0	5
2799 6109 0	5
2808 3442 0	5
2809 2521 0	5
2838 10207 0	5
2841 3542 0	5
2852 2954 0	5
2904 5204 0	5
2927 6173 0	5
2937 3280 0	5
2947 3368 0	5
2979 5798 0	5
2985 2268 0	5
3011 9719 0	5
3012 3354 0	5
3016 5625 0	5
3039 3000 0	5
3041 4972 1	5
3091 3242 0	5
3094 3494 0	5
3122 3125 0	5
3133 3630 0	5
3148 3447 0	5
3155 2836 0	5
3162 3492 0	5
3181 2419 0	5
3186 3441 0	5
3194 4571 0	5
3210 3221 2	5
3254 3420 0	5
3257 6104 0	5
3267 3166 0	5
3273 5387 0	5
3275 5465 1	5
3275 5466 0	5
3278 5202 0	5
3285 5367 0	5
3288 5136 0	5
3288 5168 0	5
3294 6061 0	5
3303 5199 0	5
3308 3119 0	5
3308 5163 0	5
3309 5356 0	5
3313 5463 0	5
3315 5395 0	5
3318 5457 1	5
3333 5195 0	5
3334 5458 0	5
3337 5361 0	5
3341 5456 1	5
3349 5401 0	5
3353 9119 0	5
3361 5908 0	5
3366 3318 1	5
3374 11493 0	5
3381 3270 0	5
3420 4057 0	5
3426 2893 0	5
3426 4070 0	5
3494 3211 0	5
3512 3481 0	5
3604 3369 0	5
3619 9472 0	5
3650 3205 0	5
3681 2981 0	5
3689 3467 0	5
3741 3806 0	5
3761 5666 0	5
3767 3899 0	5
3806 3021 0	5
3820 3809 0	5
3852 4919 0	5
3866 4964 0	5
3890 4913 0	5
3958 4892 0	5
2803 3152 0	7
1170 3323 0	8
1212 3657 0	8
1239 3043 0	8
1273 3173 0	8
1279 3814 0	8
1282 3412 0	8
1353 3112 0	8
1428 3870 0	8
1431 2882 0	8
1431 3849 0	8
1446 3870 0	8
1448 3840 0	8
1468 10101 0	8
1476 3855 0	8
1477 3779 0	8
1481 3086 0	8
1482 3876 0	8
1491 3847 0	8
1502 3867 0	8
1511 9540 1	8
1582 9659 0	8
1602 3645 0	8
1619 2991 0	8
1632 3277 0	8
1635 5328 1	8
1649 5333 1	8
1656 5350 1	8
1667 12513 0	8
1672 3284 0	8
1680 12507 0	8
1748 2955 0	8
1760 3718 0	8
1763 5328 1	8
1764 3844 0	8
1764 3860 0	8
1777 5333 1	8
1778 3489 0	8
1784 5350 1	8
1892 2987 0	8
1894 2975 0	8
1933 2790 0	8
1933 9186 0	8
1935 6373 0	8
1937 9020 1	8
1939 6352 0	8
1945 9204 0	8
1946 2805 0	8
1961 6368 0	8
1978 9041 1	8
1997 9205 0	8
2004 5865 0	8
2068 9208 0	8
2091 9201 0	8
2135 9308 0	8
2152 9301 0	8
2164 3415 0	8
2196 2793 0	8
2222 8747 0	8
2225 3476 0	8
2225 8721 0	8
2250 9878 0	8
2268 9892 0	8
2278 3159 0	8
2311 3853 0	8
2317 10342 2	8
2318 10327 2	8
2323 3269 0	8
2333 10318 2	8
2338 3640 0	8
2356 10347 2	8
2358 10325 2	8
2375 3850 0	8
2386 4628 2	8
2397 3812 0	8
2406 3867 0	8
2459 5167 0	8
2472 3255 0	8
2485 4373 0	8
2490 9916 0	8
2500 5062 0	8
2505 10287 0	8
2514 5074 0	8
2527 3891 0	8
2568 2961 0	8
2568 7735 0	8
2580 2998 0	8
2581 3484 0	8
2598 2239 0	8
2600 3232 0	8
2614 2237 0	8
2616 8593 0	8
2631 3142 0	8
2635 8849 0	8
2639 2996 0	8
2641 2390 0	8
2652 3172 0	8
2671 9680 0	8
2683 3704 0	8
2695 3332 0	8
2698 3506 0	8
2710 3331 0	8
2723 4491 0	8
2724 4434 0	8
2725 3693 0	8
2726 6103 0	8
2733 3225 0	8
2744 3150 0	8
2750 4437 0	8
2775 4420 0	8
2783 4594 0	8
2784 4436 0	8
2791 4436 0	8
2804 4445 0	8
2810 4577 0	8
2819 10156 0	8
2820 3247 0	8
2823 3001 0	8
2832 3296 0	8
2836 3245 0	8
2836 10334 0	8
2849 3033 0	8
2857 9579 0	8
2861 3287 0	8
2865 10170 0	8
2873 10119 0	8
2902 4084 0	8
2908 3362 0	8
2910 4062 0	8
2911 10310 0	8
2912 4084 0	8
2915 5811 0	8
2915 9916 0	8
2922 9904 0	8
2935 5811 0	8
2938 10232 0	8
2940 3283 0	8
2940 9898 0	8
2941 9884 0	8
2948 3914 0	8
2964 3933 0	8
2976 3937 0	8
2978 3240 0	8
2979 2254 0	8
3007 9711 0	8
3014 3589 0	8
3023 9704 0	8
3025 4490 0	8
3026 6041 0	8
3026 6058 0	8
3029 9809 0	8
3032 9828 0	8
3033 9720 0	8
3035 6448 0	8
3038 9775 0	8
3040 9763 0	8
3041 6041 0	8
3041 6058 0	8
3041 9740 0	8
3043 6448 0	8
3050 9568 0	8
3052 9820 0	8
3056 9367 0	8
3057 3945 0	8
3060 3884 0	8
3064 9582 0	8
3075 9505 0	8
3079 3421 0	8
3087 3763 0	8
3088 9499 0	8
3105 3569 0	8
3107 3012 0	8
3139 9874 0	8
3149 3149 0	8
3172 2912 0	8
3173 2871 0	8
3177 3370 0	8
3184 2502 0	8
3188 6167 0	8
3193 3930 0	8
3227 3146 0	8
3249 2352 0	8
3287 3365 0	8
3296 12451 0	8
3299 3282 0	8
3299 3312 0	8
3310 9645 0	8
3312 9628 0	8
3313 9621 0	8
3320 2708 0	8
3323 2875 0	8
3323 9616 0	8
3347 6021 0	8
3372 3498 0	8
3378 2777 0	8
3384 9749 0	8
3384 9813 0	8
3401 3170 0	8
3420 9646 0	8
3421 9631 0	8
3425 3164 0	8
3464 3038 0	8
3672 9751 2	8
3675 9766 2	8
3688 9756 2	8
3771 3815 0	8
3889 9749 1	8
1208 3111 0	9
1325 3808 0	9
1377 3371 0	9
1385 3829 0	9
1454 9584 1	9
1473 10093 0	9
1504 3812 0	9
1507 3774 0	9
1622 3289 0	9
1671 12504 0	9
1770 3112 0	9
1950 2755 0	9
2063 3684 0	9
2193 3146 0	9
2340 3678 0	9
2345 3812 0	9
2352 6351 0	9
2352 6369 0	9
2400 4473 0	9
2447 5153 0	9
2455 9684 0	9
2528 5159 0	9
2578 2264 0	9
2602 3311 0	9
2608 6351 0	9
2608 6369 0	9
2617 3667 0	9
2711 5277 0	9
2834 3352 0	9
2857 2967 0	9
2879 5227 0	9
2929 10461 0	9
2930 10192 0	9
2976 3369 0	9
2983 2282 0	9
3045 6049 0	9
3079 9496 0	9
3109 3499 0	9
3116 9323 1	9
3144 3736 0	9
3174 2430 0	9
3192 3936 0	9
3227 3257 0	9
3273 3186 0	9
3287 6052 0	9
3404 2825 0	9
3527 3210 0	9
3657 3334 0	9
3688 3479 0	9
1214 3110 0	10
1401 2863 0	10
1402 3755 0	10
1405 3343 0	10
1445 9584 1	10
1474 10098 0	10
1517 2995 0	10
1529 3826 0	10
1562 3573 0	10
1596 3664 0	10
1661 3141 0	10
1667 12506 0	10
1675 12506 0	10
1766 10157 0	10
1778 3059 0	10
1801 9489 0	10
1939 4972 0	10
1949 2761 0	10
1959 5341 0	10
1962 9072 1	10
2026 5856 0	10
2059 3683 0	10
2067 2719 0	10
2218 2784 0	10
2313 9798 0	10
2394 3796 0	10
2397 3805 0	10
2441 6086 0	10
2464 2849 2	10
2500 3330 0	10
2549 3896 0	10
2580 2262 0	10
2580 7815 0	10
2613 3080 0	10
2620 3663 0	10
2637 3417 0	10
2645 2392 0	10
2652 2658 0	10
2652 3165 0	10
2709 3491 0	10
2709 5275 0	10
2791 3101 0	10
2828 10201 0	10
2869 10201 0	10
2882 5224 0	10
2918 3573 0	10
2950 3451 0	10
2958 5802 0	10
2991 3689 0	10
2999 3144 0	10
3012 9813 0	10
3063 3952 0	10
3075 9498 0	10
3081 3411 0	10
3083 9498 0	10
3112 9688 0	10
3169 2776 0	10
3178 2428 0	10
3179 7842 1	10
3188 3427 0	10
3190 3939 0	10
3227 3250 0	10
3228 3435 0	10
3247 3404 0	10
3285 6055 0	10
3359 3155 0	10
3367 3938 0	10
3406 2834 0	10
3409 2921 0	10
3665 3363 0	10
3755 3319 0	10
3892 4899 0	10
3932 4907 0	10
3951 4876 0	10
1660 3150 0	11
2510 3368 0	11
2901 3533 0	11
3204 3471 1	11
3213 3490 2	11
3252 6047 0	11
3255 3435 0	11
3908 4943 1	11
3917 4962 2	11
3959 4907 0	11
1175 3429 0	12
1192 3411 0	12
1212 3647 0	12
1214 3559 0	12
1233 3573 0	12
1247 3036 0	12
1259 3431 0	12
1271 3435 0	12
1279 3168 0	12
1306 3035 0	12
1310 3104 0	12
1352 3124 0	12
1382 3825 0	12
1465 3569 0	12
1582 3428 0	12
1590 3526 0	12
1641 3221 0	12
1672 9800 0	12
1677 3247 0	12
1680 6127 0	12
1694 3231 0	12
1703 6134 0	12
1788 3522 0	12
1790 6406 0	12
1878 6436 0	12
1939 6066 0	12
2027 5612 0	12
2043 6441 0	12
2047 6427 0	12
2051 6434 0	12
2085 4891 0	12
2113 4729 1	12
2117 5991 0	12
2150 4545 1	12
2174 4725 1	12
2177 6460 0	12
2201 3262 0	12
2280 10017 0	12
2305 9915 0	12
2313 3215 0	12
2313 9624 0	12
2316 3894 0	12
2321 3100 0	12
2336 9794 0	12
2369 9719 0	12
2370 9665 0	12
2376 9611 0	12
2378 9452 0	12
2388 9605 0	12
2401 9611 0	12
2413 9605 0	12
2416 9675 0	12
2418 9605 0	12
2423 9661 0	12
2433 6203 0	12
2434 3315 0	12
2437 3163 0	12
2444 9417 2	12
2445 4604 0	12
2457 4381 0	12
2459 3186 0	12
2464 6082 0	12
2485 3043 0	12
2497 9716 0	12
2501 2991 0	12
2506 3039 0	12
2509 3644 0	12
2518 9759 0	12
2522 3070 0	12
2529 3014 0	12
2529 3303 0	12
2533 3155 0	12
2541 3054 0	12
2546 10143 0	12
2552 3035 0	12
2553 3054 0	12
2562 3025 0	12
2570 3296 0	12
2575 3028 0	12
2650 3213 0	12
2677 3404 0	12
2696 9436 0	12
2711 5206 0	12
2744 3830 0	12
2761 6159 0	12
2763 2703 0	12
2779 3869 0	12
2780 10160 0	12
2809 3861 0	12
2821 3744 0	12
2824 3001 0	12
2854 3868 0	12
2854 3944 0	12
2858 3579 0	12
2874 9847 0	12
2893 3673 0	12
2904 3645 0	12
2908 3653 0	12
2921 2721 0	12
2947 3507 0	12
3056 9744 0	12
3060 9764 0	12
3088 3119 0	12
3111 3126 0	12
3116 3677 0	12
3154 3643 0	12
3180 3684 0	12
3185 3745 0	12
3225 6014 0	12
3295 2780 0	12
3310 2962 0	12
3315 2797 0	12
3337 5967 0	12
3343 3515 0	12
3359 9112 0	12
3371 3132 0	12
3408 2848 0	12
3440 3232 0	12
3453 3244 0	12
3486 3023 0	12
3493 3090 0	12
3509 3448 0	12
3511 2971 0	12
3632 3340 0	12
3656 9816 0	12
3677 3219 0	12
3682 3231 0	12
1191 2787 0	13	1191 9185 0
1232 3729 0	13	1242 10081 0
1290 3134 0	13	1245 9528 0
1292 3657 0	13	1420 10057 2	1292 10057 1
1296 3374 0	13	1296 9768 0	1232 9832 0
1307 3574 0	13	1305 9974 0	1433 10070 1
1309 3807 0	13	1312 10214 0
1312 3686 0	13	1440 10086 2	1312 10086 1
1314 3663 0	13	1442 10063 2	1314 10063 1
1325 3364 0	13	1325 9766 0	1261 9830 0
1330 3669 0	13	1458 10069 2	1330 10069 1
1357 2920 0	13	1358 9320 0
1378 3054 0	13	1378 9454 0
1389 2916 0	13	1389 9316 0
1420 3588 0	13	1432 9913 0
1433 3670 0	13	1435 10078 2
1436 3131 0	13	1440 9508 1
1440 9602 1	13	1440 9613 1	1440 9613 0
1448 2938 0	13	1448 9338 0
1478 2927 0	13	1470 9327 0
1483 3549 0	13	1483 9950 3
1497 3132 0	13	1488 9502 1
# Corrected by the tool (CORRECTIONS): this Varlamore entrance lands on floor 0 (the cache says floor 1, where there is no ground)
1558 3049 0	13	1558 9449 0
1604 3508 0	13	1597 9900 0
1614 3174 0	13	1615 9574 0
1623 3165 0	13	1623 9563 0
1637 3673 0	13	1666 10051 0
1641 3166 0	13	1641 9564 0
1643 3092 0	13	1642 9492 0
1644 3449 0	13	1646 9849 0
1670 3567 0	13	1800 9968 0
1693 3084 0	13	1692 9480 0
1693 3089 0	13	1692 9492 0
1702 3574 0	13	1830 9973 0
1795 3107 0	13	1797 9506 0
1813 3745 0	13	1813 10145 0	1749 10145 0
1940 2806 0	13	1959 9190 0
1967 3095 0	13	1933 9520 0
2015 5544 0	13
2061 6169 0	13
2075 3688 0	13	2074 10089 0
2093 6169 0	13
2131 2994 0	13	1941 9451 0
2142 3944 0	13	2330 10352 2
2219 3478 0	13	2293 9914 0
2220 2331 0	13	2219 8730 0
2278 3611 0	13	2275 9987 0
2309 2919 0	13	2169 9308 0	1977 9436 0
2401 3889 0	13	2394 10297 1
2403 3419 0	13	2409 9811 0
2412 3061 0	13	2404 9414 0
2428 3424 0	13	2429 9824 0
2445 2819 0	13	1939 8966 1
2452 3231 0	13	3015 5630 0
2457 2847 0	13	1937 9009 1
2463 3496 0	13	2463 9897 0
2465 4012 0	13	2461 10418 0
2483 2891 0	13	1971 9033 1
2509 3846 0	13	2509 10246 0
2512 3508 0	13	1764 5367 0	1764 5367 1
2521 3740 0	13	2439 10146 0
2523 2861 0	13	2012 9005 1
2526 2894 0	13	2534 9294 0
2530 2206 0	13	2563 8630 0
2541 2213 0	13	2577 8657 0
2543 3741 0	13	2544 10144 0
2561 3320 0	13	2661 9641 0	2941 4425 0
2562 3356 0	13	2562 9756 0	1810 4380 0
2563 2203 0	13	2564 8606 0
2569 3122 0	13	2569 9522 0	2633 9522 2
2569 3229 0	13	2569 9629 0
2587 3235 0	13	2571 9685 0
2594 3085 0	13	2594 9486 0	2658 9486 2
2604 3078 0	13	2603 9479 0	2667 9479 2
2620 3865 0	13	2618 10265 0
2623 3393 0	13	2621 9795 0
2632 3294 0	13	2632 9694 0	2912 4478 0
2637 2416 0	13	2684 8876 0
2696 3283 0	13	2696 9682 0	2920 4402 0
2724 3375 0	13	2724 9775 0	1972 4399 0
2731 3713 0	13	2772 10162 0
2744 3154 0	13	2714 9564 0
2760 3062 0	13	2734 9477 0
2796 3718 0	13	2799 10136 0
2797 3615 0	13	2809 10002 0
2809 3194 0	13	2805 9590 0	2805 9590 3
2820 3374 0	13	2822 9774 0
2820 3484 0	13	2820 9884 0
2823 3510 0	13	2823 9910 0
2825 3118 0	13	2829 9522 0
2827 3647 0	13	2824 10050 0
2831 3677 0	13	2831 10077 2	2831 10077 0
2833 3542 0	13	2906 9968 0
2834 3256 0	13	2833 9657 0	2833 9849 1
2839 3690 0	13	2837 10089 2	2781 10137 0
2842 3424 0	13	2842 9824 0
2847 3516 0	13	2847 9916 0
2856 3168 0	13	2856 9569 0
2857 3519 0	13	2857 9919 0
2863 9572 0	13	2480 5176 0
2867 3941 0	13	2845 10353 0
2877 3480 0	13	2877 9880 0
2884 3397 0	13	2884 9797 0
2892 3507 0	13	2892 9907 0
2913 4067 0	13	2887 10481 0
2918 3746 0	13	2881 5311 2
2924 3250 0	13	2924 9650 0	2924 9842 1
2965 3331 0	13	2958 9737 0
2986 3387 0	13	1752 5238 0
2998 3376 0	13	1752 5238 0
2999 3493 0	13	2952 5766 0
3005 3963 0	13	3005 10363 0
# Corrected by the tool (CORRECTIONS): the Asgarnian Ice Dungeon trapdoor lands on floor 0, as the cave is (the cache says floor 1, where there is no ground)
3007 3150 0	13	3007 9550 0
3017 3739 0	13	3066 10159 3
3017 3849 0	13	3069 10256 0
3018 3232 0	13	2962 9651 0	2962 9843 1
3018 3450 0	13	3019 9850 0
3019 3339 0	13	3019 9739 0
3045 3924 0	13	3045 10329 0
3046 2980 0	13	1503 4643 0
3046 2998 0	13	3042 9397 0
3059 3377 0	13	3059 9778 0
3068 3741 0	13	3188 10127 0
3069 3856 0	13	3017 10249 0
3075 3655 0	13	3196 10056 0
3081 3420 0	13	1859 5243 0
3084 3272 0	13	3084 9672 0	3724 5640 0
3088 3571 0	13	3088 9971 0
3090 3956 0	13	2539 4712 0
3092 3362 0	13	3117 9754 0
3097 3469 0	13	3097 9867 0
# Corrected by the tool (CORRECTIONS): the Wizards' Tower basement: the cache's link points into the Asgarnia Ice Cave (3039 9576 1); its ladder up is at 3103 9576 0
3104 3162 0	13	3103 9576 0
3115 3357 0	13	3081 9774 0
3116 3452 0	13	3116 9852 0
3118 3244 0	13	3118 9642 0
3121 2490 0	13	3126 8880 0
3125 3832 0	13	3241 10234 0
3150 3347 0	13	3158 9714 0
3165 3252 0	13	3149 9653 0
3169 3172 0	13	3169 9572 0
3176 2478 0	13	3168 8874 0
3189 3355 0	13	3190 9758 0
# Corrected by the tool (CORRECTIONS): the Corporeal Beast cave leads into the lair (2964 4254, floor 2), which the wiki's map draws; the cache names the Ironman lair 128 tiles north
3203 3681 0	13	2964 4254 2
3209 3218 0	13	3209 9616 0
3222 3788 0	13	3295 10202 1
3225 6044 0	13	3225 12446 0
3227 3108 0	13	3483 9510 2
3228 6116 0	13	3032 6123 1	2648 6123 2
3230 3504 0	13	3230 9904 0
3231 3952 0	13	3232 10352 0
3232 3936 0	13	3233 10331 0
3235 2418 0	13	3237 8882 0
3237 3458 0	13	3237 9858 0
3244 3383 0	13	3244 9783 0
3244 3949 0	13	3243 10352 0
3260 3666 0	13	3384 10050 0
3261 3833 0	13	3336 10286 0
3271 6049 0	13	3302 12455 0	3046 6055 0
3272 2463 0	13	3286 8868 1	3286 8868 0
3281 6059 0	13	3033 6069 0
3283 3775 0	13	3359 10244 0
3285 3808 0	13	3360 10273 0
3293 3746 0	13	3405 10146 0
3293 3850 0	13	3359 10328 0
3309 3450 0	13	3105 5279 0
3320 3122 0	13	3305 9497 0
3321 3795 0	13	3423 10204 2
3321 3831 0	13	3383 10288 0
3336 5918 0	13
3358 2711 0	13	3359 9129 0
3361 3150 0	13	3366 11482 0
3405 3506 0	13	3405 9907 0	3421 9915 0
3417 3535 0	13	3412 9930 3
3422 3484 0	13	3440 9886 0
3485 3321 0	13	3493 9726 0
3489 3231 0	13	3490 9632 0
3495 3464 0	13	3477 9846 0
3543 3461 0	13	3549 9864 0
3652 3519 0	13	3668 9888 0
3657 3409 0	13	3679 9796 0
3678 3854 0	13	3596 10292 0	3596 10292 1
3680 3498 0	13	3682 9962 0
3719 3307 0	13	3732 9683 0
3725 3356 0	13	3726 9756 1
3728 3300 0	13	3738 9702 1
3746 3779 0	13	3604 10231 0
3748 2973 0	13	3750 9373 0
3761 3899 0	13	3732 10281 1
3815 3062 0	13	3815 9462 0
3816 3808 0	13	3808 10193 3	3808 10193 0
3830 3062 0	13	3830 9462 0
3934 4976 0	13
3941 4930 0	13
4013 4922 0	13
1191 9185 0	14	1191 2787 0
1242 10080 0	14	1232 3729 0
1245 9528 0	14	1290 3134 0
1292 10057 1	14	1292 3657 0
1293 10077 1	14	1292 3676 0
1296 9768 0	14	1296 3374 0
1305 9974 0	14	1307 3574 0
1312 10086 1	14	1312 3686 0
1312 10188 0	14	1309 3807 0
1314 10063 1	14	1314 3663 0
1325 9766 0	14	1325 3364 0
1330 10069 1	14	1330 3669 0
1358 9320 0	14	1357 2920 0
1378 9454 0	14	1378 3054 0
1389 9316 0	14	1389 2916 0
1432 9913 0	14	1420 3588 0
1435 10078 2	14	1433 3670 0
1440 9508 1	14	1436 3131 0
1440 9613 1	14	1440 9602 1
1448 9338 0	14	1448 2938 0
1470 3653 0	14	1650 9986 0
1470 9327 0	14	1476 2927 0
1483 9950 3	14	1483 3549 0
1488 9502 1	14	1497 3132 0
1503 4643 0	14	3046 2980 0
1558 9449 1	14	1558 3049 0
1563 3791 0	14	1617 10102 0
1597 9900 0	14	1604 3508 0
1615 9574 0	14	1614 3174 0
1617 10102 0	14	1563 3791 0
1623 9563 0	14	1623 3165 0
1641 9564 0	14	1641 3166 0
1642 9492 0	14	1643 3092 0
1646 9849 0	14	1644 3449 0
1650 9986 0	14	1470 3653 0
1692 9480 0	14	1693 3084 0
1692 9492 0	14	1693 3089 0
1696 3865 0	14	1719 10102 0
1719 10102 0	14	1696 3865 0
1752 5136 0	14	2986 3315 0
1763 5361 0	14	2531 3446 0
1797 9506 0	14	1795 3107 0
1800 9968 0	14	1670 3567 0
1813 10145 0	14	1813 3745 0
1830 9973 0	14	1702 3574 0
1859 5243 0	14	3081 3420 0
1913 5226 0	14	3081 3420 0
1933 9520 0	14	1967 3095 0
1937 9009 1	14	2457 2847 0
1939 8966 1	14	2445 2819 0
1941 9451 0	14	2131 2994 0
1959 9190 0	14	1940 2806 0
1971 9033 1	14	2483 2891 0
1982 4408 3	14	2506 3634 0
2012 9005 1	14	2523 2861 0
2074 10089 0	14	2075 3688 0
2163 5115 0	14	3681 3537 0
2169 9308 0	14	2309 2919 0
2183 3327 0	14	3207 6079 0
2219 8730 0	14	2220 2331 0
2239 3270 0	14	3263 6022 0
2239 3384 0	14	3263 6136 0
2275 9987 0	14	2278 3611 0
2293 9914 0	14	2219 3478 0
2297 3327 0	14	3321 6079 0
2309 5240 0	14	3081 3420 0
2330 10352 2	14	2142 3944 0
2350 5215 0	14	3081 3420 0
2394 10297 1	14	2401 3889 0
2404 9414 0	14	2412 3061 0
2409 9811 0	14	2403 3419 0
2429 9824 0	14	2429 3424 0
2439 10146 0	14	2521 3740 0
2452 4473 0	14	3203 3169 0
2461 10418 0	14	2465 4012 0
2463 9897 0	14	2463 3497 0
2480 5176 0	14	2863 9572 0
2486 4471 0	14	3260 3171 0
2509 10246 0	14	2509 3846 0
2534 9294 0	14	2526 2894 0
2539 4712 0	14	3090 3956 0
2544 10144 0	14	2543 3741 0
2555 9658 0	14	2555 3258 0
2562 9756 0	14	2562 3356 0
2563 8630 0	14	2529 2206 0
2564 8606 0	14	2563 2203 0
2569 9522 0	14	2569 3122 0
2569 9629 0	14	2569 3229 0
2571 9685 0	14	2587 3235 0
2577 8657 0	14	2541 2213 0
2594 9486 0	14	2594 3085 0
2603 9479 0	14	2604 3078 0
2618 10265 0	14	2620 3865 0
2621 9795 0	14	2623 3393 0
2632 9694 0	14	2632 3294 0
2661 9641 0	14	2561 3320 0
2684 8876 0	14	2637 2416 0
2696 9682 0	14	2696 3283 0
2714 9564 0	14	2744 3154 0
2724 9775 0	14	2724 3375 0
2734 9477 0	14	2760 3062 0
2751 5375 0	14	3318 9602 0
2772 10164 0	14	2731 3713 0
2800 10135 0	14	2796 3718 0
2805 9590 0	14	2809 3194 0
2809 10002 0	14	2797 3615 0
2820 9884 0	14	2820 3484 0
2823 9910 0	14	2823 3510 0
2824 10050 0	14	2827 3647 0
2829 9522 0	14	2825 3118 0
2831 10077 2	14	2831 3677 0
2833 9657 0	14	2834 3256 0
2837 10089 2	14	2839 3690 0
2838 9388 0	14	2825 2998 0
2842 9824 0	14	2842 3424 0
2845 10353 0	14	2867 3941 0
2847 9916 0	14	2847 3516 0
2856 9569 0	14	2856 3168 0
2857 9919 0	14	2857 3519 0
2857 10333 0	14	2843 3958 0
2873 9750 0	14	3250 3772 0
2875 9864 0	14	2912 10172 0
2877 9880 0	14	2877 3480 0
2881 5311 2	14	2918 3746 0
2884 9797 0	14	2884 3397 0
2887 10481 0	14	2913 4067 0
2892 9907 0	14	2892 3507 0
2906 9968 0	14	2833 3542 0
2924 9650 0	14	2924 3250 0
2952 5766 0	14	2999 3493 0
2958 9737 0	14	2965 3331 0
2962 9651 0	14	3018 3232 0
2966 4380 2	14	3203 3681 0
3005 10363 0	14	3005 3963 0
3007 9550 1	14	3007 3150 0
3015 5630 0	14	2452 3231 0
3017 10249 0	14	3069 3856 0
3019 9739 0	14	3019 3339 0
3019 9850 0	14	3019 3450 0
3032 6123 1	14	3228 6116 0
3033 6069 0	14	3281 6059 0
3042 9397 0	14	3046 2998 0
3045 10329 0	14	3045 3924 0
3059 9778 0	14	3059 3377 0
3065 10157 3	14	3017 3739 0
3069 10256 0	14	3017 3849 0
3081 9774 0	14	3115 3357 0
3084 9672 0	14	3084 3272 0
3088 9971 0	14	3088 3571 0
3097 9867 0	14	3097 3468 0
3103 9576 0	14	3104 3162 0
3105 5279 0	14	3309 3450 0
3116 9852 0	14	3116 3452 0
3117 9754 0	14	3092 3362 0
3118 9642 0	14	3118 3244 0
3126 8880 0	14	3121 2490 0
3149 9653 0	14	3166 3252 0
3158 9714 0	14	3150 3347 0
3168 8874 0	14	3176 2478 0
3169 9572 0	14	3169 3172 0
3190 9758 0	14	3190 3355 0
3203 3169 0	14	2452 4473 0
3207 6079 0	14	2183 3327 0
3209 9616 0	14	3209 3216 0
3218 10058 0	14	3103 3655 0
3225 12446 0	14	3225 6044 0
3230 9904 0	14	3230 3504 0
3232 10352 0	14	3231 3952 0
3233 10331 0	14	3232 3936 0
3237 8882 0	14	3235 2418 0
3237 9858 0	14	3237 3458 0
3243 10352 0	14	3244 3949 0
3244 9783 0	14	3244 3383 0
3245 10215 0	14	3123 3806 0
3263 6022 0	14	2239 3270 0
3263 6136 0	14	2239 3384 0
3286 8868 1	14	3272 2463 0
3295 10189 1	14	3360 10273 0
3302 12455 0	14	3271 6049 0
3305 9497 0	14	3320 3122 0
3318 9602 0	14	2751 5375 0
3321 6079 0	14	2297 3327 0
3336 10286 0	14	3261 3833 0
3359 9129 0	14	3358 2711 0
3359 10244 0	14	3283 3775 0
3359 10313 0	14	3360 10273 0
3360 10273 0	14	3285 3808 0
3366 11481 0	14	3361 3150 0
3383 10288 0	14	3321 3831 0
3384 10050 0	14	3260 3666 0
3405 9907 0	14	3405 3506 0
3405 10146 0	14	3293 3746 0
3412 9931 3	14	3417 3535 0
3423 10182 2	14	3360 10273 0
3440 9886 0	14	3422 3484 0
3457 5885 0	14	3142 3635 0
3477 9846 0	14	3495 3464 0
3483 9510 2	14	3227 3108 0
3490 9631 0	14	3489 3231 0
3493 9726 0	14	3485 3321 0
3549 9864 0	14	3543 3462 0
3596 10292 0	14	3678 3854 0
3604 10231 0	14	3746 3779 0
3679 9796 0	14	3657 3409 0
3681 3537 0	14	2163 5115 0
3682 9962 0	14	3681 3498 0
3683 9888 0	14	3653 3519 0
3726 9756 1	14	3725 3356 0
3732 9683 0	14	3719 3307 0
3732 10281 1	14	3761 3899 0
3738 9702 1	14	3728 3300 0
3750 9373 0	14	3748 2973 0
3807 10193 3	14	3816 3808 0
3815 9462 0	14	3815 3062 0
3830 9462 0	14	3830 3062 0
1412 3343 0	15
1667 3731 0	15
3203 3437 0	15
3218 6089 0	15
3907 4909 0	15
1619 3291 0	16
2396 3798 0	16
2462 2845 2	16
2653 3294 0	16
3229 3440 0	16
3253 6059 0	16
3357 5918 0	16
3933 4912 0	16
3316 3175 0	17
3406 2920 0	17
2759 2774 0	18
3289 3189 0	18
3689 2956 0	18
1210 3096 0	19
1540 3556 0	19
1867 3297 0	19
2324 3163 0	19
2666 2660 0	19
2772 6107 0	19
2774 2778 0	19
2823 3442 0	19
2864 9872 0	19
2887 10202 0	19
2900 6171 0	19
2956 3204 0	19
3003 9799 0	19
3233 3423 0	19
3306 6074 0	19
3937 4895 0	19
1387 2869 0	20
2825 10196 0	20
2977 3383 0	20
1226 3103 0	21
1282 3678 0	21
1310 3621 0	21
1450 3171 0	21
1497 3562 0	21
1549 3808 0	21
1568 3168 0	21
1614 3514 0	21
1617 3673 2	21
1679 3249 0	21
1681 3033 0	21
1685 9686 0	21
1688 3794 2	21
1701 3087 0	21
1713 6115 0	21
1732 3574 0	21
1734 2929 0	21
1743 3500 0	21
1775 5468 0	21
2073 6169 2	21
2284 3427 0	21
2341 9628 0	21
2356 3172 1	21
2368 3130 1	21
2414 9680 0	21
2431 3078 1	21
2455 3231 0	21
2457 2839 2	21
2530 3286 0	21
2571 9499 0	21
2581 7848 0	21
2605 3208 0	21
2608 3208 0	21
2618 3309 0	21
2694 3460 0	21
2723 3281 0	21
2750 3501 1	21
2797 2794 0	21
2797 2800 1	21
2804 6116 1	21
2816 6074 1	21
2822 5302 2	21
2853 3348 0	21
2870 5371 2	21
2879 6022 1	21
2889 3511 1	21
2893 5269 0	21
2926 3484 0	21
2932 6180 1	21
2933 3513 0	21
2938 5324 2	21
2940 5203 0	21
2948 3821 0	21
2995 3177 0	21
3028 3510 1	21
3052 3498 1	21
3121 3107 0	21
3126 3637 0	21
3177 3626 0	21
3208 3494 1	21
3209 2493 0	21
3239 3608 0	21
3245 3208 0	21
3246 6116 0	21
3254 3484 0	21
3259 3381 0	21
3263 6091 2	21
3281 2775 0	21
3308 6179 0	21
3313 2800 0	21
3376 3285 0	21
3406 9248 2	21
3416 3489 0	21
3421 3180 0	21
3605 3354 0	21
3738 3307 0	21
3744 4320 0	21
3912 4966 1	21
3958 4956 0	21
1436 9551 1	22
2452 2852 1	22
2527 3048 0	22
2529 3853 0	22
2809 3344 0	22
2896 3428 0	22
3175 2412 0	22
3286 6118 0	22
3425 2910 0	22
1437 9560 1	23
3014 3248 0	23
1428 2973 0	24
1634 3685 0	24
1640 3661 0	24
1675 3101 0	24
1870 3289 0	24
2058 6181 0	24
2064 6157 0	24
2464 5148 0	24
2476 4468 0	24
2526 5073 0	24
2668 3303 0	24
2888 10211 0	24
2944 3334 0	24
3276 6099 0	24
3287 3212 0	24
1766 3101 0	25
2327 3176 0	25
2775 6120 0	25
2781 2794 0	25
2887 10207 0	25
2903 6184 0	25
2948 3203 0	25
3171 2406 0	25
3222 6072 0	25
3313 2780 0	25
3315 2786 0	25
3321 3194 0	25
2800 3439 0	26
3170 3176 0	26
3644 3359 0	26
1375 3037 0	27
1560 2960 0	27
1761 10145 0	27
1836 3784 0	27
1862 3292 0	27
2417 3813 0	27
2513 3862 0	27
2519 3866 0	27
2595 3401 0	27
2600 3879 0	27
2638 3672 0	27
2638 3680 0	27
2647 3676 0	27
2731 3292 0	27
2833 3443 0	27
2870 2972 0	27
3013 3226 0	27
3047 2984 0	27
3160 2847 0	27
3163 2415 0	27
3674 2970 0	27
1173 2722 0	28
1183 2720 0	28
1200 3736 0	28
1201 2792 0	28
1209 3749 0	28
1210 3687 0	28
1219 3146 0	28
1222 3714 0	28
1251 3400 0	28
1254 3542 0	28
1261 3408 0	28
1266 3132 0	28
1266 3541 0	28
1270 3707 0	28
1272 3546 0	28
1291 3382 0	28
1314 2963 0	28
1317 9785 0	28
1330 3010 0	28
1371 3632 0	28
1373 2985 0	28
1375 2841 0	28
1394 3313 0	28
1397 3304 0	28
1459 3330 0	28
1485 3432 0	28
1501 9698 0	28
1521 9689 0	28
1535 3414 0	28
1546 3186 0	28
1547 2813 0	28
1552 2807 0	28
1566 3326 0	28
1574 2954 0	28
1580 2963 0	28
1585 3566 0	28
1586 2951 0	28
1587 2777 0	28
1587 3299 0	28
1594 2783 0	28
1624 3235 0	28
1647 3558 0	28
1669 3479 0	28
1676 3490 0	28
1677 3469 0	28
1693 6099 0	28
1716 3612 0	28
1724 3685 0	28
1738 3101 0	28
1746 3802 0	28
1763 3796 0	28
1770 2967 0	28
1775 2993 0	28
1818 3603 0	28
1828 3605 0	28
1829 3614 0	28
1832 3773 0	28
1839 3595 0	28
1841 3619 0	28
1887 3764 0	28
1889 3436 0	28
1899 2972 0	28
1971 5854 0	28
2074 2604 0	28
2076 3189 0	28
2077 3674 0	28
2087 3196 0	28
2089 6047 0	28
2090 5913 0	28
2113 5074 0	28
2131 3544 0	28
2137 3537 0	28
2156 3551 0	28
2159 3541 0	28
2162 3275 0	28
2162 5061 0	28
2163 2782 0	28
2163 3350 0	28
2164 3371 0	28
2173 5074 0	28
2184 3068 0	28
2196 3067 0	28
2216 3245 0	28
2227 3430 0	28
2235 3428 0	28
2235 3445 0	28
2270 3253 0	28
2281 2975 0	28
2282 2841 0	28
2308 3700 0	28
2329 3701 0	28
2344 3719 0	28
2348 3702 0	28
2383 3415 0	28
2390 3422 0	28
2401 3780 0	28
2417 3783 0	28
2420 3789 0	28
2444 5104 0	28
2457 2893 0	28
2465 2712 0	28
2466 2702 0	28
2467 3151 0	28
2476 2696 0	28
2477 5077 0	28
2498 3548 0	28
2501 3509 0	28
2505 3495 0	28
2506 3515 0	28
2508 3420 0	28
2510 3562 0	28
2512 2838 0	28
2515 3575 0	28
2521 3518 0	28
2527 3412 0	28
2537 3405 0	28
2538 5086 0	28
2561 3374 0	28
2566 3370 0	28
2575 2219 0	28
2578 3854 0	28
2605 3423 0	28
2606 3417 0	28
2610 3444 0	28
2611 8598 0	28
2612 3413 0	28
2618 3444 0	28
2627 3415 0	28
2630 3435 0	28
2632 3425 0	28
2633 3691 0	28
2637 3444 0	28
2642 3696 0	28
2650 3708 0	28
2669 4710 0	28
2674 4708 0	28
2680 4702 0	28
2694 5225 0	28
2699 2703 0	28
2710 7819 0	28
2715 3531 0	28
2718 6197 0	28
2721 7825 0	28
2725 8845 0	28
2726 3524 0	28
2747 5229 0	28
2768 3165 0	28
2775 2740 0	28
2789 3273 0	28
2794 3283 0	28
2795 3279 0	28
2807 3014 0	28
2828 3414 0	28
2837 3431 0	28
2842 3356 0	28
2843 3359 0	28
2845 3429 0	28
2848 3361 0	28
2854 3423 0	28
2855 2977 0	28
2859 2973 0	28
2860 3426 0	28
2876 3331 0	28
2876 3342 0	28
2884 9765 0	28
2887 3196 0	28
2890 9766 0	28
2892 3134 0	28
2894 9764 0	28
2899 3119 0	28
2912 3119 0	28
2922 5787 0	28
2922 5808 0	28
2926 3179 0	28
2928 5778 0	28
2986 3176 0	28
2996 3158 0	28
3003 2276 0	28
3033 2997 0	28
3036 2834 0	28
3037 2868 0	28
3042 4510 0	28
3046 2826 0	28
3048 2829 0	28
3048 2874 0	28
3050 3704 0	28
3051 2867 0	28
3052 2633 0	28
3072 3840 0	28
3085 3228 0	28
3099 3194 0	28
3101 3091 0	28
3104 3424 0	28
3110 3433 0	28
3140 2800 0	28
3154 9544 0	28
3156 2537 0	28
3169 2386 0	28
3169 2541 0	28
3186 6027 0	28
3187 3925 0	28
3187 6102 0	28
3188 6123 0	28
3191 2376 0	28
3195 2437 0	28
3211 2425 0	28
3238 3253 0	28
3239 3241 0	28
3240 5997 0	28
3245 3153 0	28
3245 9570 0	28
3251 6182 0	28
3258 2494 0	28
3259 6180 0	28
3259 6197 0	28
3260 2480 0	28
3265 2425 0	28
3267 3148 0	28
3269 2411 0	28
3276 3140 0	28
3276 5454 0	28
3294 6005 0	28
3309 5456 0	28
3341 5456 0	28
3348 3813 0	28
3355 9566 0	28
3362 9588 0	28
3363 3802 0	28
3371 9577 0	28
3426 3409 0	28
3433 3415 0	28
3440 3273 0	28
3473 3192 0	28
3481 3433 0	28
3486 3448 0	28
3487 3182 0	28
3498 3174 0	28
3514 3177 0	28
3529 3164 0	28
3538 3177 0	28
3546 3179 0	28
3554 3177 0	28
3560 3173 0	28
3565 3174 0	28
3741 10298 1	28
1512 3592 0	29
1659 3101 0	29
2034 5561 1	29
2105 3908 0	29
2354 5433 1	29
2448 2847 2	29
2482 3513 1	29
2507 10250 0	29
2572 2242 0	29
2625 3674 0	29
2792 3540 0	29
2868 10209 0	29
3051 4961 1	29
3203 3416 0	29
3231 6069 0	29
3281 3398 0	29
3503 3505 0	29
3602 3380 0	29
3695 2977 0	29
3907 4888 0	29
3985 4870 0	29
2846 3553 0	30
3035 6438 0	30
3043 6438 0	30
3195 3403 0	30
3899 4875 0	30
1623 3682 0	31
1678 3114 0	31
1870 3295 0	31
2079 6178 0	31
2657 3303 0	31
2663 3314 0	31
2888 10188 0	31
3282 6094 0	31
3298 3202 0	31
1756 3075 0	32
2906 10217 0	32
3275 3182 0	32
3352 2974 0	32
1224 3118 0	33
1366 3304 0	33
1378 2927 0	33
1390 2858 0	33
1393 3354 0	33
1429 9585 1	33
1500 3226 0	33
1551 3567 0	33
1558 9465 0	33
1570 3763 0	33
1690 3726 0	33
1713 3116 0	33
1724 3077 0	33
1743 3616 0	33
1757 5484 0	33
1764 10132 0	33
1770 3683 0	33
1892 3316 0	33
1939 2761 0	33
1970 5548 1	33
2031 5537 1	33
2206 6241 0	33
2351 5409 1	33
2380 6427 0	33
2418 3500 1	33
2479 3489 1	33
2528 10258 0	33
2556 3078 0	33
2566 3142 0	33
2575 3322 0	33
2636 6427 0	33
2691 3489 0	33
2794 3155 0	33
2839 10195 0	33
2863 2996 1	33
2865 9876 0	33
2912 3542 0	33
2914 10193 0	33
2926 3143 0	33
2940 4678 0	33
2957 3368 0	33
3048 2971 0	33
3048 3257 0	33
3079 3441 0	33
3150 3643 0	33
3162 2983 0	33
3226 3397 0	33
3232 3240 0	33
3238 6126 0	33
3268 3392 0	33
3277 3488 0	33
3361 2955 0	33
3493 3230 0	33
3497 3469 0	33
3600 3393 0	33
3663 2981 0	33
3667 2990 0	33
3680 3493 0	33
3750 3297 0	33
3930 4869 0	33
3972 4864 0	33
3981 4960 0	33
1774 3060 0	34
2950 3386 0	34
3253 6126 0	34
1240 3682 0	35
1370 3358 0	35
2334 3799 0	35
2677 3433 0	35
2936 3283 1	35
3274 3191 0	35
3488 3496 0	35
1218 3688 0	36
1225 2781 0	36
1232 3704 0	36
1238 3770 0	36
1250 3077 0	36
1258 3009 0	36
1264 3002 0	36
1294 3756 0	36
1296 9513 1	36
1297 3409 0	36
1324 2974 0	36
1326 9513 1	36
1327 3169 0	36
1329 3033 0	36
1329 3059 0	36
1354 3731 0	36
1355 3289 0	36
1359 3302 0	36
1362 3320 0	36
1363 2862 0	36
1364 3143 0	36
1371 3344 0	36
1374 3821 0	36
1380 2876 0	36
1381 3323 0	36
1388 3281 0	36
1390 3381 0	36
1390 3821 0	36
1393 3339 0	36
1395 3164 0	36
1399 2856 0	36
1413 2992 0	36
1432 3352 0	36
1456 3321 0	36
1497 3582 0	36
1499 3245 0	36
1530 3452 0	36
1541 2802 0	36
1554 3551 0	36
1561 3636 0	36
1570 3483 0	36
1570 3483 1	36
1570 3483 2	36
1570 3493 0	36
1570 3493 1	36
1570 3493 2	36
1573 3618 0	36
1579 3488 0	36
1584 3499 0	36
1587 2786 0	36
1592 3421 0	36
1594 3491 0	36
1611 3443 0	36
1614 3494 0	36
1622 3512 0	36
1626 3669 0	36
1626 3677 0	36
1641 3496 0	36
1643 3533 0	36
1643 3663 0	36
1643 3683 0	36
1647 3590 0	36
1648 3508 0	36
1672 3657 0	36
1681 3657 0	36
1682 3689 0	36
1686 3740 0	36
1691 3524 0	36
1695 2989 0	36
1697 3554 0	36
1734 3119 0	36
1750 3106 0	36
1752 3564 0	36
1797 3600 0	36
1951 2786 0	36
1956 6044 0	36
1974 5935 0	36
2003 6063 0	36
2050 6165 0	36
2050 6173 0	36
2062 2720 0	36
2063 5880 0	36
2067 6159 0	36
2067 6179 0	36
2075 2723 0	36
2078 2707 0	36
2082 6165 0	36
2082 6173 0	36
2087 2737 0	36
2091 3178 0	36
2099 6159 0	36
2099 6179 0	36
2137 3546 0	36
2148 2972 0	36
2150 3557 0	36
2153 3540 0	36
2166 2863 0	36
2195 2991 0	36
2206 2321 0	36
2210 3427 0	36
2218 3141 0	36
2222 2322 0	36
2224 2341 0	36
2255 2808 0	36
2285 3141 0	36
2316 3610 0	36
2332 3514 0	36
2334 3049 0	36
2341 2762 0	36
2359 3510 0	36
2361 3471 0	36
2372 3427 0	36
2413 4464 0	36
2433 3411 0	36
2435 3432 0	36
2444 2845 0	36
2466 4427 0	36
2477 2707 0	36
2477 2893 0	36
2491 3414 0	36
2492 4426 0	36
2494 3396 0	36
2496 3490 0	36
2543 2184 0	36
2551 3869 0	36
2562 2191 0	36
2579 2199 0	36
2600 7780 0	36
2603 3895 0	36
2696 3423 0	36
2697 7823 0	36
2705 3397 0	36
2711 3510 0	36
2711 3570 0	36
2713 3382 0	36
2715 3460 0	36
2717 2710 0	36
2721 3465 0	36
2726 2735 0	36
2727 3501 0	36
2733 6085 0	36
2734 3334 0	36
2739 3639 0	36
2749 3466 0	36
2758 3431 0	36
2775 2697 0	36
2822 3084 0	36
2838 2907 0	36
2900 2897 0	36
2932 3231 0	36
2947 2908 0	36
2996 3312 0	36
3019 3316 0	36
3042 3320 0	36
3044 2640 0	36
3053 3272 0	36
3086 3469 0	36
3086 3481 0	36
3110 2413 0	36
3130 2446 0	36
3145 2520 0	36
3147 3255 0	36
3152 3231 0	36
3166 3220 0	36
3176 3931 0	36
3185 3227 0	36
3193 2487 0	36
3205 2481 0	36
3205 3504 0	36
3209 3500 0	36
3222 3503 0	36
3230 6101 0	36
3234 6179 0	36
3246 2397 0	36
3249 3473 0	36
3250 3202 0	36
3252 3364 0	36
3267 3494 0	36
3269 5320 1	36
3271 3471 0	36
3275 5454 1	36
3277 2339 0	36
3286 5349 0	36
3286 5361 0	36
3287 5452 0	36
3289 6066 0	36
3302 5320 1	36
3302 6129 0	36
3305 3470 0	36
3306 6032 0	36
3308 5469 1	36
3310 6123 0	36
3312 5347 0	36
3315 5354 0	36
3320 5457 0	36
3331 5362 0	36
3338 5354 0	36
3351 5317 1	36
3352 5455 0	36
3353 5452 1	36
3356 3312 0	36
3369 3312 0	36
3441 2789 0	36
3507 3014 0	36
3511 3073 0	36
3632 3362 0	36
3663 3781 0	36
3663 3802 0	36
3675 3447 0	36
3678 3733 0	36
3678 3806 0	36
3683 3758 0	36
3683 3775 0	36
3685 3385 0	36
3811 3058 0	36
3825 3053 0	36
3833 3067 0	36
3909 4976 0	36
3913 4972 0	36
3926 4975 0	36
3953 4945 0	36
3971 4966 0	36
3975 4943 0	36
4009 4942 0	36
1373 3314 0	37
1498 3252 0	37
1651 3570 0	37
1978 6054 0	37
2170 2982 0	37
2323 3180 0	37
2353 3794 0	37
2475 2712 0	37
2475 3398 0	37
2487 3401 0	37
2488 3410 0	37
2576 2240 0	37
2617 3659 0	37
2710 3471 1	37
2731 3274 0	37
2771 6124 0	37
2899 6188 0	37
2936 3287 1	37
2982 3314 0	37
3081 3430 0	37
3157 2773 0	37
3208 3212 1	37
3226 6074 0	37
3316 2790 0	37
3732 3823 0	37
1419 2980 0	38
1441 9560 1	38
1639 3685 0	38
1686 3111 0	38
1782 3756 0	38
1829 3723 0	38
1997 5549 1	38
2063 6181 0	38
2317 5421 1	38
2337 3159 1	38
2445 3501 1	38
2512 3037 0	38
2520 10251 0	38
2656 3311 0	38
2668 3310 0	38
2768 2789 0	38
2785 6103 1	38
2793 3187 0	38
2839 3552 0	38
2892 10211 0	38
2913 6167 1	38
3014 3205 0	38
3038 3706 0	38
3275 6103 0	38
3304 2770 0	38
3509 3495 0	38
3618 3387 0	38
1702 3112 0	39
1998 5557 1	39
2032 5530 1	39
2318 5429 1	39
2352 5402 1	39
2446 3509 1	39
2480 3482 1	39
2566 3098 0	39
3142 3446 0	39
3846 4918 0	39
1367 3368 0	40
1389 2920 0	40
1394 9326 0	40
1504 3635 0	40
1641 3626 0	40
1781 3623 0	40
1797 3501 0	40
1799 3107 0	40
1808 9507 0	40
1934 5536 0	40
1989 5550 1	40
2018 5927 0	40
2210 2855 0	40
2309 5422 1	40
2382 3488 0	40
2399 5177 0	40
2400 5982 0	40
2426 4445 0	40
2437 3502 1	40
2438 5168 0	40
2440 3092 0	40
2496 5118 0	40
2532 3569 0	40
2545 5111 0	40
2562 3318 0	40
2607 3115 0	40
2633 2648 0	40
2635 3295 0	40
2639 2641 0	40
2661 2637 0	40
2665 3164 0	40
2672 3419 0	40
2796 3066 0	40
2810 3191 0	40
2843 3545 1	40
2854 3537 0	40
2858 3551 0	40
2864 3550 1	40
2901 3565 0	40
2906 3537 0	40
2914 10188 0	40
2990 3363 0	40
3016 3232 0	40
3032 6129 1	40
3083 3474 0	40
3096 3957 0	40
3130 3622 0	40
3138 3622 0	40
3139 3635 0	40
3143 3473 0	40
3146 3639 0	40
3157 10027 0	40
3241 3471 0	40
3258 9517 2	40
3267 3400 0	40
3288 3180 0	40
3289 2787 0	40
3310 4639 0	40
3314 3238 0	40
3363 3318 0	40
3423 4064 1	40
3435 3487 0	40
3480 3240 0	40
3506 3315 0	40
3615 9483 0	40
3654 3386 0	40
3812 3021 0	40
3813 3810 0	40
3847 4945 0	40
3945 4943 0	40
3971 4872 0	40
1165 2785 0	41
1191 10271 0	41
1198 3111 0	41
1233 3123 0	41
1239 3677 0	41
1240 3136 0	41
1241 3731 0	41
1242 3097 0	41
1246 3743 0	41
1248 3729 0	41
1248 3754 0	41
1249 3703 0	41
1256 3731 0	41
1281 3563 0	41
1300 3721 0	41
1348 3743 0	41
1354 2912 0	41
1360 9504 0	41
1366 9504 0	41
1370 3306 0	41
1372 2861 0	41
1374 2939 0	41
1375 3065 0	41
1376 3748 0	41
1379 2968 0	41
1379 3361 0	41
1389 2926 0	41
1393 2870 0	41
1404 9713 0	41
1404 9720 0	41
1409 2946 0	41
1415 9559 1	41
1415 9564 1	41
1418 3185 0	41
1424 9590 1	41
1428 2979 0	41
1429 3614 0	41
1430 2933 0	41
1430 3359 0	41
1435 9962 0	41
1436 9657 0	41
1437 2920 0	41
1437 9623 1	41
1438 2929 2	41
1443 9623 1	41
1444 9657 0	41
1446 2939 0	41
1446 3788 0	41
1447 9587 1	41
1448 2928 1	41
1451 2921 0	41
1461 9572 1	41
1466 3553 0	41
1466 3558 0	41
1477 3661 0	41
1495 3574 1	41
1497 3590 0	41
1501 3234 0	41
1502 3426 0	41
1507 3590 1	41
1512 3621 0	41
1512 3753 0	41
1517 3443 0	41
1522 3592 1	41
1524 3616 0	41
1524 3635 0	41
1529 3632 0	41
1534 3582 0	41
1541 3541 0	41
1541 3688 0	41
1544 3783 0	41
1548 3036 0	41
1550 3560 0	41
1555 3779 0	41
1556 2989 0	41
1558 3570 0	41
1559 3734 0	41
1562 3568 0	41
1566 3717 0	41
1569 3553 0	41
1577 3137 0	41
1622 3658 0	41
1633 3293 0	41
1637 9569 0	41
1640 3570 0	41
1644 3628 0	41
1644 9569 0	41
1646 3161 0	41
1652 3668 0	41
1652 3678 0	41
1654 3064 0	41
1661 3082 0	41
1667 3119 0	41
1668 3252 0	41
1669 3600 0	41
1670 2974 0	41
1671 3677 0	41
1674 3660 0	41
1677 3616 0	41
1677 3686 0	41
1682 3669 0	41
1682 6118 0	41
1691 3133 0	41
1693 9483 0	41
1693 9490 0	41
1706 3125 0	41
1711 3535 0	41
1738 3610 0	41
1744 2973 0	41
1744 3183 0	41
1744 5467 0	41
1750 3736 0	41
1750 3747 0	41
1753 3098 0	41
1753 3759 0	41
1753 3780 0	41
1756 3683 0	41
1758 3069 0	41
1761 10136 0	41
1762 3566 0	41
1762 3576 0	41
1763 3622 0	41
1763 3634 0	41
1763 3738 0	41
1772 3567 0	41
1772 5459 0	41
1773 3751 0	41
1774 3736 0	41
1776 3593 0	41
1777 3620 0	41
1777 3656 0	41
1780 3719 0	41
1782 3758 2	41
1783 3760 0	41
1786 3594 0	41
1789 3526 0	41
1792 3760 0	41
1793 3718 0	41
1794 3741 0	41
1801 3738 0	41
1802 3610 0	41
1808 3500 0	41
1813 3754 0	41
1821 3554 0	41
1822 3516 0	41
1823 3485 0	41
1835 3502 0	41
1877 2983 0	41
1904 3289 0	41
1905 3313 0	41
1909 3301 0	41
1942 4956 0	41
1970 5884 0	41
2078 6154 0	41
2086 3909 0	41
2087 3897 0	41
2090 3922 0	41
2094 3905 1	41
2108 6164 0	41
2108 6174 0	41
2142 5107 1	41
2152 5018 0	41
2162 2812 0	41
2202 3399 0	41
2216 2321 0	41
2316 3672 0	41
2316 3679 0	41
2326 6377 0	41
2327 3667 0	41
2327 6387 0	41
2337 3171 0	41
2338 6345 0	41
2343 3803 0	41
2343 6380 0	41
2343 6390 0	41
2345 6350 0	41
2345 6370 0	41
2348 6338 0	41
2368 3130 0	41
2373 6428 0	41
2393 6410 0	41
2394 3386 0	41
2407 6410 0	41
2410 4442 0	41
2410 4450 0	41
2418 6445 0	41
2431 3077 0	41
2433 6433 0	41
2440 3181 0	41
2441 3499 1	41
2443 3417 0	41
2455 2855 1	41
2530 3153 0	41
2549 3102 0	41
2549 3321 0	41
2553 3169 0	41
2557 3114 0	41
2563 3173 0	41
2564 3166 0	41
2567 3093 0	41
2571 2248 0	41
2573 3334 0	41
2582 6377 0	41
2583 6387 0	41
2592 3188 0	41
2592 7826 0	41
2594 6345 0	41
2599 6380 0	41
2599 6390 0	41
2601 6350 0	41
2601 6370 0	41
2604 6338 0	41
2609 3187 0	41
2611 3195 0	41
2613 3255 0	41
2617 3325 0	41
2629 6428 0	41
2630 3311 0	41
2639 3369 0	41
2641 3311 0	41
2649 6410 0	41
2658 3272 0	41
2663 6410 0	41
2668 3661 0	41
2674 6445 0	41
2678 3397 0	41
2689 6433 0	41
2699 3473 0	41
2702 5253 0	41
2705 5335 0	41
2711 7845 0	41
2718 5333 0	41
2718 5337 0	41
2722 3271 0	41
2730 5336 0	41
2731 5277 0	41
2733 3370 0	41
2733 3580 0	41
2747 3563 0	41
2750 3486 0	41
2757 3498 0	41
2761 3479 0	41
2766 3273 0	41
2766 3479 0	41
2767 3486 0	41
2771 3479 0	41
2772 3516 0	41
2785 6115 0	41
2791 3193 0	41
2799 3195 0	41
2811 3347 0	41
2816 6074 0	41
2819 3449 0	41
2830 3441 0	41
2860 2332 0	41
2868 3932 0	41
2879 6021 0	41
2891 3441 0	41
2894 3556 0	41
2898 10220 0	41
2913 6179 0	41
2916 3142 0	41
2920 3548 0	41
2922 3561 0	41
2922 10219 0	41
2925 9710 0	41
2929 3567 0	41
2933 3280 0	41
2933 4702 0	41
2941 4714 0	41
2950 3382 0	41
2956 3212 0	41
2967 3208 0	41
2983 2290 0	41
2986 3315 0	41
3021 3288 0	41
3027 3259 0	41
3032 2850 0	41
3038 3353 0	41
3045 2840 0	41
3049 2858 0	41
3051 3348 0	41
3051 3489 0	41
3052 2965 0	41
3062 2848 0	41
3064 2980 0	41
3077 3086 0	41
3077 3489 0	41
3084 3502 0	41
3090 3110 0	41
3092 9307 1	41
3116 3168 0	41
3133 2407 0	41
3136 2832 0	41
3138 3449 0	41
3157 7825 1	41
3161 3220 0	41
3189 2416 0	41
3190 3470 0	41
3191 3270 0	41
3205 3215 0	41
3207 3463 0	41
3211 3427 0	41
3212 9624 0	41
3218 3463 0	41
3222 3211 0	41
3222 3226 0	41
3224 3496 0	41
3226 6151 0	41
3229 3206 0	41
3233 6087 0	41
3238 3434 0	41
3240 6092 0	41
3244 2466 0	41
3257 6046 0	41
3269 5462 0	41
3269 6127 0	41
3270 3407 0	41
3270 6037 0	41
3281 2753 0	41
3284 6111 0	41
3285 6049 0	41
3290 5461 1	41
3293 3173 0	41
3293 3183 0	41
3304 5453 1	41
3304 5463 0	41
3314 2764 0	41
3315 2759 0	41
3317 2783 0	41
3323 3396 0	41
3334 5460 1	41
3334 5935 0	41
3345 5935 0	41
3350 5454 0	41
3359 2971 0	41
3359 11489 0	41
3362 5896 0	41
3367 2969 0	41
3401 2829 0	41
3409 3180 0	41
3423 9890 0	41
3426 2916 0	41
3482 3235 0	41
3494 9623 2	41
3496 3290 0	41
3504 3049 0	41
3542 3311 0	41
3588 3529 0	41
3609 3395 0	41
3610 3326 0	41
3614 3334 0	41
3618 3395 0	41
3622 3346 0	41
3627 3383 0	41
3644 3348 0	41
3646 3386 0	41
3662 3348 0	41
3662 3370 0	41
3697 3333 0	41
3702 3304 0	41
3705 3313 0	41
3728 3363 0	41
3744 3340 0	41
3746 3813 0	41
3842 4921 0	41
3894 4942 0	41
3911 4935 0	41
3915 4899 0	41
3922 4935 0	41
3928 4968 0	41
3942 4906 0	41
3974 4879 0	41
4027 4868 0	41
1164 2781 0	42
1187 10272 0	42
1209 3093 0	42
1236 3679 0	42
1239 3107 0	42
1349 9580 0	42
1353 2948 0	42
1357 3037 0	42
1363 3313 0	42
1374 9710 0	42
1375 2960 0	42
1376 2868 0	42
1379 3354 0	42
1380 2862 0	42
1381 3054 0	42
1382 3357 0	42
1394 2973 0	42
1402 9553 1	42
1403 2938 0	42
1404 9569 1	42
1413 9567 1	42
1420 3177 0	42
1422 3376 0	42
1424 9558 0	42
1433 2962 0	42
1438 9964 0	42
1441 2938 0	42
1442 3351 0	42
1450 3642 0	42
1450 9555 0	42
1466 9555 1	42
1470 9567 1	42
1474 9555 1	42
1476 9569 1	42
1495 3257 0	42
1510 9693 0	42
1514 3442 0	42
1517 2985 0	42
1530 3542 0	42
1535 3578 0	42
1538 3543 0	42
1558 3034 0	42
1562 2958 0	42
1572 3554 0	42
1584 3131 0	42
1591 3105 0	42
1607 3100 0	42
1625 3660 0	42
1634 3114 0	42
1637 3571 0	42
1641 3056 0	42
1644 3095 0	42
1646 3288 0	42
1648 3627 0	42
1666 3122 0	42
1667 9712 0	42
1669 3245 0	42
1673 3677 0	42
1675 3084 0	42
1675 3689 0	42
1677 3064 0	42
1679 3660 0	42
1680 3622 0	42
1683 3667 0	42
1689 3069 0	42
1690 3130 0	42
1717 3127 0	42
1732 3091 0	42
1735 2967 0	42
1736 3059 0	42
1738 3613 0	42
1745 3735 0	42
1748 5464 0	42
1750 3752 0	42
1750 3764 0	42
1753 3075 0	42
1756 3095 0	42
1757 3778 0	42
1765 10137 0	42
1766 3751 0	42
1768 3734 0	42
1772 2653 0	42
1775 3068 0	42
1776 3563 0	42
1777 3733 0	42
1785 3722 0	42
1786 3525 0	42
1786 3753 0	42
1787 3753 2	42
1792 3734 0	42
1795 3725 0	42
1797 3754 0	42
1802 3612 0	42
1808 3735 0	42
1890 3427 0	42
1905 3284 0	42
1906 3301 0	42
1908 3312 0	42
1940 2763 0	42
1966 3108 0	42
1998 5560 1	42
2004 5558 1	42
2049 6156 0	42
2081 6156 0	42
2092 3920 0	42
2094 3909 1	42
2137 3893 0	42
2199 2316 0	42
2205 3403 0	42
2210 3411 0	42
2221 3790 0	42
2317 3668 0	42
2318 5432 1	42
2324 5430 1	42
2327 6375 0	42
2328 6383 0	42
2335 6344 0	42
2341 3155 1	42
2341 3160 1	42
2341 3812 0	42
2350 6338 0	42
2375 6428 0	42
2383 4439 0	42
2394 6408 0	42
2410 6410 0	42
2419 6443 0	42
2435 6436 0	42
2438 3191 0	42
2446 3512 1	42
2452 3510 1	42
2467 2848 1	42
2471 2710 0	42
2480 3479 1	42
2547 3323 0	42
2549 3098 0	42
2563 2245 0	42
2564 2253 0	42
2567 3104 0	42
2573 3248 0	42
2576 2243 0	42
2579 3198 0	42
2583 6375 0	42
2584 6383 0	42
2588 2257 1	42
2591 3210 0	42
2591 6344 0	42
2598 2220 0	42
2606 6338 0	42
2616 3397 0	42
2617 3317 0	42
2630 4731 0	42
2631 6428 0	42
2632 3164 0	42
2635 3170 0	42
2637 3432 0	42
2643 3355 0	42
2648 3298 0	42
2650 6408 0	42
2658 3672 0	42
2666 6410 0	42
2675 6443 0	42
2691 6436 0	42
2706 3405 0	42
2716 3476 0	42
2734 3582 0	42
2736 5274 0	42
2758 4731 0	42
2787 3192 0	42
2789 6099 1	42
2789 6104 1	42
2814 3162 0	42
2818 3444 0	42
2819 3455 0	42
2822 3352 0	42
2844 3367 0	42
2857 3334 0	42
2917 3318 0	42
2917 6163 1	42
2917 6168 1	42
2923 9713 0	42
2933 4698 0	42
2969 3330 0	42
2970 3210 0	42
3019 3238 0	42
3032 2982 0	42
3035 2828 0	42
3036 3708 0	42
3039 2873 0	42
3039 3367 0	42
3040 3346 0	42
3052 3356 0	42
3075 3081 0	42
3077 3496 0	42
3081 3508 1	42
3097 3367 0	42
3141 2425 0	42
3144 3453 1	42
3147 2397 0	42
3147 3454 0	42
3156 3410 0	42
3160 3427 0	42
3161 7827 1	42
3163 2791 0	42
3188 3352 0	42
3189 2404 0	42
3202 3401 1	42
3212 3216 0	42
3214 3248 1	42
3219 3388 0	42
3221 3497 0	42
3229 6155 0	42
3230 3197 0	42
3230 6090 0	42
3234 6163 0	42
3237 3403 0	42
3237 6038 0	42
3238 3382 0	42
3238 3409 0	42
3247 3398 0	42
3254 6039 0	42
3271 3179 0	42
3271 6113 0	42
3271 6125 0	42
3273 6035 0	42
3274 6107 0	42
3280 3930 0	42
3285 6089 0	42
3286 3488 0	42
3292 3202 0	42
3318 3138 0	42
3352 5922 0	42
3410 3185 0	42
3411 2938 0	42
3434 2885 0	42
3498 9622 2	42
3502 3056 0	42
3596 3316 0	42
3607 3384 0	42
3610 3334 0	42
3610 4603 0	42
3612 3323 0	42
3622 3334 0	42
3622 3388 0	42
3622 3395 0	42
3630 3384 0	42
3643 3345 0	42
3657 3362 0	42
3664 3368 0	42
3666 3379 0	42
3675 3467 0	42
3695 3316 0	42
3697 3337 0	42
3697 3360 0	42
3704 3304 0	42
3721 3306 0	42
3726 3361 0	42
3734 3812 0	42
3748 3340 0	42
3848 4925 1	42
3851 4926 0	42
3860 4882 0	42
3864 4899 0	42
3906 4873 1	42
3925 4969 0	42
3941 4875 0	42
3942 4881 0	42
3951 4870 0	42
3990 4960 0	42
4144 4945 0	42
3315 3162 0	43
1766 3096 0	44
1885 2981 0	44
1971 5877 0	44
2163 2805 0	44
2589 3327 0	44
2616 3662 0	44
2930 3292 0	44
2935 3289 0	44
3085 3409 0	44
3314 2773 0	44
3357 3333 0	44
3647 3369 0	44
1398 2893 0	45
1655 3046 0	45
1732 3542 0	45
2198 3411 0	45
2403 4457 0	45
2632 3385 0	45
3142 3451 0	45
3166 3307 0	45
3222 6163 0	45
3788 2824 0	45
3846 4923 0	45
1400 2867 0	46
1443 9554 1	46
1450 3856 0	46
1518 3834 0	46
1862 3295 0	46
1946 2762 0	46
2525 5075 0	46
2924 10211 0	46
2998 9844 0	46
3031 9747 0	46
3036 9846 0	46
3291 6044 0	46
1565 3570 0	47
2488 5070 0	47
2972 3313 0	47
1623 3664 0	48
1867 3288 0	48
2079 6160 0	48
2658 3314 0	48
2887 10196 0	48
3282 6098 0	48
1565 3034 0	49
1675 3111 0	49
1871 3292 0	49
2638 3676 0	49
2647 3680 0	49
2664 3296 0	49
3217 3436 0	49
3921 4908 0	49
1685 3101 0	50
1864 3289 0	50
2659 3297 0	50
3277 6094 0	50
3284 2755 0	50
3363 5921 0	50
1485 5599 0	51
1520 5599 0	51
1552 3632 0	51
1650 2930 0	51
2475 3436 0	51
2545 3569 0	51
2625 3677 0	51
2639 4041 1	51
2674 3298 0	51
2720 5241 3	51
2729 3488 0	51
2753 2742 0	51
2807 3193 0	51
2998 3916 0	51
3036 3342 0	51
3104 3279 0	51
3220 3414 0	51
3254 6109 0	51
3273 3195 0	51
3348 2827 0	51
3351 2963 0	51
3378 5922 0	51
3507 3490 0	51
3543 3463 0	51
3924 4886 0	51
1635 3661 0	52
1767 3600 0	52
1864 3297 0	52
2059 6157 0	52
2517 3862 0	52
2600 3876 0	52
1309 3784 0	53
2432 3424 0	53
2444 4432 0	53
2590 8614 0	53
2869 2982 0	53
2869 2982 1	53
2931 3536 0	53
3091 3267 0	53
3109 3516 0	53
3146 9914 0	53
3511 3509 0	53
1455 9556 1	54
2945 3380 0	54
3256 3462 0	54
3960 4934 0	54
1234 3754 0	55
1235 3736 0	55
1236 3724 0	55
1243 3755 0	55
1247 10084 0	55
1255 3753 0	55
1260 3729 0	55
1265 3745 0	55
1270 3730 0	55
1348 3058 0	55
1353 3025 0	55
1366 3035 0	55
1367 3318 0	55
1368 2938 0	55
1450 3354 0	55
1588 3101 0	55
1684 2971 0	55
1691 3540 0	55
1730 3558 0	55
1806 3556 0	55
1962 5339 0	55
2164 5068 0	55
2344 3160 0	55
2435 3418 0	55
2473 2705 0	55
2473 3445 0	55
2488 3181 0	55
2573 3102 0	55
2590 3862 0	55
2615 3856 0	55
2616 3224 0	55
2662 3523 0	55
2664 3375 0	55
2766 3211 0	55
2792 6104 0	55
2794 3099 0	55
2800 3205 0	55
2811 3462 0	55
2813 3334 0	55
2829 3696 0	55
2848 3933 0	55
2852 10202 0	55
2859 3432 0	55
2920 6168 0	55
2934 3436 0	55
2939 3223 0	55
3006 3375 0	55
3031 6453 0	55
3047 6453 0	55
3053 3309 0	55
3057 3259 0	55
3085 3356 0	55
3126 2403 0	55
3183 3356 0	55
3190 3233 0	55
3225 3313 0	55
3227 3457 0	55
3282 5467 1	55
3287 5460 0	55
3290 6100 0	55
3293 6120 0	55
3297 8861 1	55
3314 3201 0	55
3317 5448 1	55
3318 5448 0	55
3335 5447 0	55
3344 5451 1	55
3450 3471 0	55
3599 3524 0	55
3708 3838 0	55
3731 10271 1	55
3790 2840 0	55
3794 2836 0	55
3931 4929 0	55
2920 3324 0	56
1194 3452 0	58
1203 2787 0	58
1220 3738 0	58
1226 3089 0	58
1229 3470 0	58
1254 3550 0	58
1257 3395 0	58
1259 3124 0	58
1271 3477 0	58
1276 3559 0	58
1282 3386 0	58
1344 3020 0	58
1344 3646 0	58
1359 3310 0	58
1369 3641 0	58
1384 3663 0	58
1389 2899 0	58
1390 3075 0	58
1399 3245 0	58
1401 3538 0	58
1406 3612 0	58
1411 3363 0	58
1414 3579 0	58
1437 3169 0	58
1444 2977 0	58
1448 3108 0	58
1456 2968 0	58
1487 3230 0	58
1493 2985 0	58
1495 3403 0	58
1503 5573 0	58
1504 3398 0	58
1512 3222 0	58
1514 2970 0	58
1525 3725 0	58
1548 2997 0	58
1552 10224 0	58
1571 3464 0	58
1585 3055 0	58
1587 3622 0	58
1613 3302 0	58
1624 3808 0	58
1647 3930 0	58
1657 3542 0	58
1663 10047 0	58
1672 2933 0	58
1674 3832 0	58
1698 3658 0	58
1700 3142 0	58
1702 3037 0	58
1729 6435 0	58
1729 6459 0	58
1740 6403 0	58
1744 3136 0	58
1761 3708 0	58
1773 2962 0	58
1777 3111 0	58
1780 3457 0	58
1781 3417 0	58
1790 6418 0	58
1806 3480 0	58
1809 3679 0	58
1818 4834 1	58
1824 3692 0	58
1862 6411 0	58
1871 3312 0	58
1872 6461 0	58
1877 2974 0	58
1892 6458 0	58
1918 6405 0	58
1921 5535 0	58
1944 2753 0	58
1952 6348 0	58
2009 4712 1	58
2010 6435 0	58
2013 5550 3	58
2013 5930 0	58
2023 4962 3	58
2031 5507 0	58
2040 6423 0	58
2065 5404 1	58
2065 6436 0	58
2066 6371 0	58
2084 2732 0	58
2086 3690 0	58
2137 4648 1	58
2138 3899 2	58
2142 3123 0	58
2157 3331 0	58
2162 5117 0	58
2177 6403 0	58
2180 6425 0	58
2203 3802 0	58
2205 2858 0	58
2213 3794 0	58
2218 3425 0	58
2224 3796 2	58
2228 3468 0	58
2234 6462 0	58
2238 6444 0	58
2277 4034 0	58
2292 2796 0	58
2312 3779 0	58
2321 2780 0	58
2328 4428 0	58
2333 5422 3	58
2337 6424 0	58
2339 3111 0	58
2341 9622 0	58
2343 6341 0	58
2351 5379 0	58
2355 6379 0	58
2357 3641 0	58
2361 6417 0	58
2369 3487 0	58
2387 6434 0	58
2396 6405 0	58
2399 5629 0	58
2411 9815 0	58
2412 4436 0	58
2421 3780 0	58
2435 6415 0	58
2440 3137 0	58
2442 5528 0	58
2452 4471 0	58
2457 2856 2	58
2459 3108 0	58
2460 3446 0	58
2461 3502 3	58
2463 5693 0	58
2470 2725 0	58
2471 3994 0	58
2479 3459 0	58
2481 5544 0	58
2484 4471 0	58
2485 3192 0	58
2486 2850 0	58
2522 9321 0	58
2525 3409 0	58
2526 7838 0	58
2539 3166 0	58
2541 2969 0	58
2543 2843 0	58
2550 3758 0	58
2555 3259 0	58
2560 3309 0	58
2573 3358 0	58
2576 7818 0	58
2577 3262 0	58
2578 2839 0	58
2580 3846 0	58
2590 2851 0	58
2593 3089 0	58
2593 6424 0	58
2599 3426 0	58
2599 6341 0	58
2611 6379 0	58
2614 3439 0	58
2617 6417 0	58
2619 3685 0	58
2621 3695 0	58
2623 6088 1	58
2628 3692 0	58
2639 3698 0	58
2640 3710 0	58
2643 6434 0	58
2652 6405 0	58
2654 2964 0	58
2654 7818 0	58
2658 3988 1	58
2660 2677 0	58
2674 3143 0	58
2681 3275 0	58
2682 3324 0	58
2691 6415 0	58
2696 5277 1	58
2708 3735 0	58
2713 2804 0	58
2723 3304 0	58
2730 10218 0	58
2758 3085 0	58
2761 3238 0	58
2764 2957 0	58
2764 2957 1	58
2773 3234 0	58
2778 4732 0	58
2780 3271 0	58
2781 3214 0	58
2792 3415 0	58
2806 2502 0	58
2834 2958 0	58
2834 3334 0	58
2846 3501 0	58
2848 3967 0	58
2875 9870 0	58
2884 4851 0	58
2889 4813 0	58
2892 2726 0	58
2909 10170 0	58
2910 3227 0	58
2912 5472 0	58
2916 3224 0	58
2922 3301 0	58
2932 4854 0	58
2933 4815 0	58
2937 3422 0	58
2942 10179 0	58
2955 3145 0	58
2955 3158 0	58
2972 2974 0	58
2996 9836 0	58
3000 3032 0	58
3030 3218 0	58
3032 4793 0	58
3038 3191 0	58
3040 3201 0	58
3046 3205 0	58
3047 3233 0	58
3055 3244 0	58
3062 2999 0	58
3066 3003 0	58
3089 3474 0	58
3092 3039 0	58
3104 9572 0	58
3111 3054 0	58
3112 3409 0	58
3131 3509 0	58
3140 3504 0	58
3146 2843 0	58
3155 3924 0	58
3156 3630 0	58
3161 7711 0	58
3169 5727 0	58
3181 6083 0	58
3184 3042 0	58
3185 3510 0	58
3187 2367 0	58
3191 2371 0	58
3197 2532 0	58
3203 3344 0	58
3217 3235 0	58
3232 12539 0	58
3239 3141 0	58
3242 3238 0	58
3242 6177 0	58
3245 2814 0	58
3246 4315 0	58
3255 6082 2	58
3265 2462 0	58
3270 3142 0	58
3275 6124 0	58
3279 3213 0	58
3280 3413 0	58
3289 2814 0	58
3299 3480 0	58
3312 3107 0	58
3321 3141 0	58
3335 9718 0	58
3346 2943 0	58
3352 3001 0	58
3353 9640 0	58
3353 9690 0	58
3356 9693 1	58
3360 9701 2	58
3362 3448 0	58
3362 9623 2	58
3363 9629 0	58
3363 9640 1	58
3363 9650 0	58
3363 9713 1	58
3367 9623 2	58
3369 9680 2	58
3374 9640 0	58
3374 9697 0	58
3377 9706 1	58
3380 5899 0	58
3380 9716 0	58
3383 9698 1	58
3386 5948 0	58
3400 2916 0	58
3423 9569 0	58
3469 3111 0	58
3499 3380 0	58
3519 3284 0	58
3526 3169 0	58
3583 3973 0	58
3615 9469 0	58
3660 3849 0	58
3662 3279 0	58
3670 2931 0	58
3671 3545 0	58
3675 3871 0	58
3677 3755 0	58
3681 3538 0	58
3683 3175 0	58
3684 2952 0	58
3703 3503 0	58
3704 3487 0	58
3710 3497 0	58
3724 3807 0	58
3734 3894 0	58
3758 3756 0	58
3760 3902 0	58
3763 3879 1	58
3785 2828 0	58
3792 3561 0	58
3844 4976 0	58
3889 4982 0	58
4003 4952 0	58
1422 2963 0	59
1741 3517 0	59
2544 3097 0	59
2670 3630 0	59
2756 3178 0	59
2892 3465 0	59
2928 4697 0	59
2952 3224 0	59
3239 6077 0	59
3340 3001 0	59
1243 3740 0	60
1251 3735 0	60
1356 3061 0	60
1594 3103 0	60
1763 3594 0	60
2645 3364 0	60
2820 3462 0	60
2825 3685 0	60
3037 3293 0	60
3077 3252 0	60
3250 2467 0	60
3295 6088 0	60
3628 3525 0	60
1156 2778 0	61
1346 2950 0	61
1369 3362 0	61
1753 3532 0	61
2199 3250 0	61
2577 2268 0	61
3039 3287 0	61
3156 2794 0	61
3218 6075 0	61
3223 6002 0	61
3730 3822 0	61
1358 2924 0	62
2916 10193 0	62
2916 10193 1	62
3495 9631 2	62
3680 9959 0	62
3681 3499 0	62
1602 3098 0	63
1747 3536 0	63
2406 4459 0	63
2566 2252 0	63
2570 3102 0	63
2642 3364 0	63
2674 3667 0	63
2730 3579 0	63
2917 3324 0	63
3025 3289 0	63
3148 3449 1	63
3190 3275 0	63
3226 3294 0	63
3271 6105 0	63
3852 4921 1	63
2134 5163 0	64
1185 3595 0	65
1270 3102 0	65
1283 3021 0	65
1316 3169 0	65
1343 2934 0	65
1350 3346 0	65
1358 2977 0	65
1364 3632 0	65
1373 3135 0	65
1379 9682 0	65
1388 3392 0	65
1391 9709 0	65
1444 3235 0	65
1476 3096 0	65
1482 3504 0	65
1513 3478 0	65
1516 3047 0	65
1557 3091 0	65
1557 3436 0	65
1560 9420 0	65
1571 2799 0	65
1576 3020 0	65
1617 2999 0	65
1672 3001 0	65
1746 3008 0	65
1758 2662 0	65
1841 3802 0	65
1885 3432 0	65
1936 6022 0	65
1956 4064 0	65
1965 3102 0	65
1967 5894 0	65
2016 6036 0	65
2128 2950 0	65
2159 2822 0	65
2208 2964 0	65
2270 3408 0	65
2336 3584 0	65
2380 3599 0	65
2448 3219 0	65
2476 3240 0	65
2480 2699 0	65
2541 7766 0	65
2558 2912 0	65
2565 7772 0	65
2572 2195 0	65
2645 2401 0	65
2654 7845 0	65
2720 3780 0	65
2787 3001 0	65
2905 9110 0	65
2906 9127 0	65
2914 9119 0	65
2915 9135 0	65
3036 2974 0	65
3043 2649 0	65
3123 2532 0	65
3142 2484 0	65
3143 3771 0	65
3213 2509 0	65
3231 2471 0	65
3247 2432 0	65
3259 2375 0	65
3286 2739 0	65
3287 5459 1	65
3294 6160 0	65
3295 3673 0	65
3301 5456 1	65
3342 5464 1	65
3402 3104 0	65
3536 3445 0	65
3554 3438 0	65
3678 3405 0	65
3685 3870 0	65
3694 3800 0	65
3702 3809 0	65
3704 3829 0	65
3744 10295 1	65
3750 3850 0	65
1244 3120 0	66
1252 3739 0	66
1261 3569 0	66
1326 3823 0	66
1379 2867 0	66
1398 2924 0	66
1419 3354 0	66
1450 9564 1	66
1483 3645 0	66
1488 3595 0	66
1508 3423 0	66
1518 3230 0	66
1518 3735 0	66
1543 3043 0	66
1593 3480 0	66
1612 3684 2	66
1634 3736 0	66
1638 3946 0	66
1650 3115 0	66
1710 6128 0	66
1745 5472 0	66
1749 3596 0	66
1775 10149 0	66
1777 3097 0	66
1810 3784 0	66
1885 3313 0	66
2001 5536 1	66
2024 5930 0	66
2104 3917 0	66
2216 2858 0	66
2329 3693 0	66
2338 3804 0	66
2354 3161 0	66
2383 4455 0	66
2415 3803 0	66
2440 3082 0	66
2444 3432 0	66
2448 5174 0	66
2449 3488 1	66
2508 3856 0	66
2529 4715 0	66
2530 3162 0	66
2539 3561 0	66
2545 5138 0	66
2571 2862 0	66
2590 3409 0	66
2609 3096 0	66
2613 3335 0	66
2618 3892 0	66
2640 3174 0	66
2647 3279 0	66
2655 3676 0	66
2667 2655 0	66
2705 5354 0	66
2721 3492 0	66
2730 3374 1	66
2802 6105 0	66
2804 5172 0	66
2812 3166 0	66
2812 3439 0	66
2819 3351 0	66
2834 10210 0	66
2845 2952 0	66
2901 3152 0	66
2915 3448 0	66
2929 3275 0	66
2930 6169 0	66
2944 3373 0	66
2950 3215 0	66
3014 9715 0	66
3016 3236 0	66
3019 3356 0	66
3039 4967 1	66
3092 3488 0	66
3096 3244 0	66
3118 3120 0	66
3131 3626 0	66
3162 3500 0	66
3173 2988 0	66
3180 3438 0	66
3209 3215 2	66
3251 3423 0	66
3272 3169 0	66
3297 6057 0	66
3310 3124 0	66
3351 5903 0	66
3368 2973 0	66
3380 3273 0	66
3417 4060 0	66
3429 2889 0	66
3491 3297 0	66
3500 3211 0	66
3514 3476 0	66
3608 3366 0	66
3646 3212 0	66
3677 2987 0	66
3693 3461 0	66
3740 3802 0	66
3866 4972 0	66
3884 4910 0	66
3955 4895 0	66
1563 3060 0	67
2566 3082 0	67
3160 2409 0	67
3441 2901 0	67
1703 3103 0	68
1778 3629 0	68
2641 3294 0	68
2739 3502 0	68
2983 3368 0	68
3219 6057 0	68
3240 3476 0	68
3343 5915 0	68
3944 4948 0	68
1395 3369 0	69
1621 3500 0	69
3301 3494 0	69
3316 6117 0	69
4005 4966 0	69
1743 2977 0	70
2849 10184 0	70
1143 2803 0	71
1153 2804 0	71
1272 3001 0	71
1284 3144 0	71
1304 9399 0	71
1309 9784 0	71
1311 9508 1	71
1315 9379 0	71
1317 10214 0	71
1323 3791 0	71
1325 3782 0	71
1341 2916 0	71
1346 10230 0	71
1368 3325 0	71
1369 3295 0	71
1387 3302 0	71
1390 3309 0	71
1394 3322 0	71
1396 3309 0	71
1402 3287 0	71
1438 10099 2	71
1454 3332 0	71
1456 3128 0	71
1464 3128 0	71
1470 2917 0	71
1474 2922 0	71
1478 3307 0	71
1577 3251 0	71
1589 3260 0	71
1605 3572 0	71
1610 10060 0	71
1613 3570 0	71
1614 10071 0	71
1630 4023 0	71
1646 10001 0	71
1648 10008 0	71
1686 9755 0	71
1688 9802 0	71
1705 9800 0	71
1706 10077 0	71
1711 9822 0	71
1716 10057 0	71
1721 3551 0	71
1760 3873 0	71
1771 3851 0	71
1820 9946 0	71
1853 4406 3	71
1981 8996 1	71
2032 6430 0	71
2038 5563 0	71
2040 6427 0	71
2070 6368 0	71
2070 6368 1	71
2076 9203 0	71
2082 9203 0	71
2091 6380 0	71
2091 6380 1	71
2096 6383 0	71
2157 3073 0	71
2263 4044 0	71
2316 3828 0	71
2321 3499 0	71
2331 5096 0	71
2338 3253 0	71
2338 3288 0	71
2346 3300 0	71
2358 5435 0	71
2400 4403 0	71
2409 4401 0	71
2432 9806 0	71
2448 3155 0	71
2451 9691 0	71
2476 2729 0	71
2486 3515 0	71
2487 2898 0	71
2539 10298 0	71
2546 2871 0	71
2546 3032 0	71
2547 3750 0	71
2552 2208 0	71
2553 3072 0	71
2556 7821 0	71
2565 2220 0	71
2572 7797 0	71
2573 3862 0	71
2575 3109 0	71
2577 7768 0	71
2584 2283 0	71
2599 3475 0	71
2603 3336 0	71
2613 2249 0	71
2655 9569 0	71
2657 7816 0	71
2667 7837 0	71
2671 9584 2	71
2673 9582 0	71
2686 9547 0	71
2689 3697 0	71
2694 9529 0	71
2722 3591 0	71
2730 10008 0	71
2769 9340 0	71
2771 10003 0	71
2772 10003 1	71
2786 6197 0	71
2832 3252 0	71
2842 3694 0	71
2864 2974 0	71
2869 3429 0	71
2870 3670 0	71
2871 3003 0	71
2872 5280 2	71
2874 3143 0	71
2875 3128 0	71
2877 3666 0	71
2878 9813 0	71
2887 3684 0	71
2887 9798 0	71
2888 9823 0	71
2888 9823 1	71
2898 2939 0	71
2899 9901 0	71
2901 3712 0	71
2902 10454 0	71
2903 3680 0	71
2907 3050 0	71
2908 3686 0	71
2913 5300 2	71
2914 9895 0	71
2918 3672 0	71
2920 5275 1	71
2925 2946 0	71
2926 3523 0	71
2929 3760 0	71
2936 9811 0	71
2937 3357 0	71
2937 4672 0	71
2946 3439 0	71
2946 3678 0	71
2948 3313 0	71
2969 9549 0	71
2990 9547 0	71
2999 3484 0	71
3013 9549 0	71
3023 9553 0	71
3026 9570 0	71
3032 3391 0	71
3034 9559 0	71
3035 9806 0	71
3046 10327 0	71
3048 10335 0	71
3069 3261 0	71
3086 3352 0	71
3093 3880 0	71
3122 9882 0	71
3140 3515 0	71
3151 3362 0	71
3153 9905 0	71
3181 2433 0	71
3181 10209 0	71
3192 3342 0	71
3200 10135 0	71
3201 3807 0	71
3202 10195 0	71
3209 2394 0	71
3211 3135 0	71
3216 12441 0	71
3221 10086 0	71
3222 12441 0	71
3228 3471 0	71
3232 12420 0	71
3236 2388 0	71
3240 3334 0	71
3241 10144 0	71
3242 12420 0	71
3246 3179 0	71
3257 2397 0	71
3259 3179 0	71
3267 2818 0	71
3268 3628 0	71
3273 2330 0	71
3292 2700 0	71
3294 2706 0	71
3294 3158 0	71
3306 3315 0	71
3329 2983 0	71
3334 10119 0	71
3342 10149 0	71
3348 2981 0	71
3362 6005 0	71
3362 6040 0	71
3370 6052 0	71
3372 2958 0	71
3393 3156 0	71
3418 3533 0	71
3419 3326 0	71
3420 3534 2	71
3421 3551 0	71
3422 3550 1	71
3423 3476 0	71
3434 10093 0	71
3435 10115 0	71
3443 3532 0	71
3447 3576 2	71
3448 3578 1	71
3471 3219 0	71
3500 9802 0	71
3503 9508 2	71
3505 3560 0	71
3534 9768 0	71
3541 9772 0	71
3545 3282 0	71
3548 5277 0	71
3548 5283 0	71
3555 9786 0	71
3560 5280 0	71
3560 9811 0	71
3564 3380 0	71
3605 10290 0	71
3633 10262 0	71
3664 3810 0	71
3670 3375 0	71
3670 9888 3	71
3678 9846 0	71
3680 9820 0	71
3692 9837 0	71
3711 2970 0	71
3713 3828 0	71
3715 3816 0	71
3730 3831 0	71
3744 5641 0	71
3745 3831 0	71
3745 5646 0	71
3759 5670 0	71
3765 3883 1	71
3765 5671 0	71
3781 3822 0	71
3809 3056 0	71
3810 3049 0	71
3844 4987 0	71
2343 3808 0	72
1519 3001 0	74
2439 4442 0	74
2543 3104 0	74
2667 3707 0	74
2714 5264 0	74
2816 3341 0	74
2927 4704 0	74
3200 2402 0	74
3240 6115 0	74
1648 3665 0	75
2018 5507 0	75
2453 5133 0	75
2466 3459 0	75
2574 3325 0	75
2659 3627 0	75
2759 3476 0	75
2806 3190 0	75
2978 3347 0	75
3096 3227 0	75
3121 3517 0	75
3225 3415 0	75
3234 3214 0	75
3299 3121 0	75
3465 3478 0	75
3929 4887 0	75
2623 3292 0	76
3096 3506 0	77
3163 3507 0	77
3867 4979 0	77
3156 3498 0	79
3860 4970 0	79
3152 3489 0	80
3856 4961 0	80
3156 3481 0	81
3860 4953 0	81
3173 3481 0	82
3877 4953 0	82
3173 3498 0	83
3877 4970 0	83
3167 3487 0	84
3871 4959 0	84
3220 3425 0	86
3924 4897 0	86
1233 3558 0	91
2070 4891 0	91
3355 2714 0	91
3359 9121 0	91
3662 3219 0	91
1436 10076 2	165
1443 10098 1	165
1633 3807 1	165
1633 3807 2	165
1743 3853 0	165
1775 3888 0	165
2841 3435 0	165
2944 3770 0	165
1677 6131 0	178
3085 3123 0	178
3508 2971 0	239
1312 3472 0	263
3238 3220 0	274
3171 3277 0	280
3097 3025 0	576
3206 3221 2	576
3240 3199 0	577
3228 3246 0	578
3223 3148 0	579
3244 3157 0	580
2524 2918 0	581
2710 3829 1	581
3186 3423 0	582
3226 3254 0	582
3890 4895 0	582
3212 3212 1	583
3234 3195 0	584
3219 3239 0	585
3244 3214 0	586
3232 3223 0	587
3108 3028 0	588
3229 3227 0	588
3245 3201 0	589
3170 3461 0	590
3874 4933 0	590
3081 3246 0	591
1361 2922 0	592
3083 3253 0	592
3090 3254 0	593
3221 3432 0	594
3925 4904 0	594
3271 3413 0	595
3975 4885 0	595
1265 3688 0	596
1305 3719 0	596
1348 3040 0	596
1587 3120 0	596
1764 3643 0	596
2197 3420 0	596
2436 4451 0	596
2584 3121 0	596
2673 3352 0	596
2679 3670 0	596
2738 3560 0	596
2923 3288 0	596
3040 3303 0	596
3172 3319 0	596
3221 6172 0	596
3253 3275 0	596
1203 3119 0	597
3086 3259 0	597
3230 6058 0	597
3364 3001 0	597
1246 3734 0	598
3018 3373 0	598
3100 3258 0	599
3479 3484 0	600
3228 3237 0	619
3022 6049 0	630
2388 9813 0	631
2793 4256 0	631
3239 6066 0	631
3295 6043 0	631
1500 5596 0	645
3677 3882 0	650
3679 3816 0	650
3763 3755 0	650
3769 3762 0	650
1619 3662 0	652
1653 3137 0	652
2075 6158 0	652
2713 3466 0	652
2978 9737 0	652
3097 3477 0	652
3126 3632 0	652
3238 3192 0	652
3256 6118 0	652
2443 3189 0	680
3022 3343 0	680
3186 9758 0	680
3182 3473 0	690
3886 4945 0	690
2881 3546 0	697
3095 3360 0	701
2736 5364 1	702
1700 3742 0	703
3002 3436 0	704
2824 10168 0	705
2630 2981 0	706
2592 3335 0	707
2960 3336 2	708
3260 3450 0	709
3964 4922 0	709
3675 3496 0	710
1826 3690 0	711
2569 3249 0	712
2594 3265 0	713
3281 2770 0	714
3210 3215 0	715
3030 3273 0	716
3488 3485 0	717
3494 9628 0	718
3494 9628 1	718
3494 9628 2	718
2898 3529 0	719
3317 9613 0	720
3205 3424 0	721
3909 4896 0	721
1782 3570 0	722
3178 3043 0	723
3406 3492 0	724
3364 3341 0	725
2953 3450 0	726
3191 3362 0	727
2457 2868 0	728
2337 10346 2	729
2917 3484 0	730
2567 3461 0	731
2897 3426 1	732
2606 3264 0	733
2715 3482 0	734
3365 3335 0	735
3191 2926 0	736
2810 3356 0	737
3110 3330 0	738
2406 9817 0	739
3076 3259 0	740
3079 3258 0	741
3279 3404 0	742
3983 4876 0	742
3302 3211 0	743
2567 3197 0	744
2821 3487 0	745
2876 3483 0	745
2827 10215 0	746
1483 3748 0	747
2657 3669 0	748
2646 3711 0	749
2659 3667 0	750
3228 3477 0	751
3932 4949 0	751
3150 3411 0	752
3854 4883 0	752
1248 3686 0	753
3678 3510 0	754
2842 10129 0	755
2446 5429 0	756
2958 3509 0	756
3488 3089 0	757
2017 5542 0	758
2465 3494 0	758
3682 2963 0	759
2891 3454 0	760
2552 3101 0	761
2936 4701 0	761
3444 3258 0	762
2566 3271 0	763
2904 3511 0	764
2764 3513 0	765
2508 3635 0	766
3315 2849 0	767
3103 3164 2	768
3506 9839 0	769
3503 3477 0	770
1978 5326 0	771
2810 3086 0	771
1664 3672 0	772
2742 3554 0	773
2977 3342 0	774
2723 3366 0	775
3150 3205 0	776
3211 3220 1	777
2619 3691 0	778
2841 10060 1	779
2436 3346 0	780
2762 3516 0	781
3236 3155 0	782
2018 5546 0	783
2466 3498 0	783
2019 5544 0	784
2467 3496 0	784
2606 3211 0	785
2811 3672 0	786
2205 3160 0	787
2289 3147 0	787
2737 6091 0	787
2353 3172 0	788
2801 6116 0	788
2929 6180 0	788
2741 3562 0	789
2845 10056 1	790
3440 9894 0	791
2081 4896 0	792
3673 3224 0	792
2439 3185 0	793
2724 3729 0	794
2835 2985 0	795
3052 3252 0	796
2569 3332 0	797
3086 3251 0	798
3220 3473 0	799
3924 4945 0	799
3302 3163 0	800
1796 3782 0	801
3360 3504 0	802
3362 3507 0	803
3153 3409 0	804
3857 4881 0	804
3207 3213 0	805
2963 3338 2	806
2576 3293 1	807
3241 3210 0	808
3211 3423 0	809
3915 4895 0	809
2206 3157 0	810
2288 3144 0	810
2736 6088 0	810
2498 3857 1	811
3678 3535 0	812
3212 3224 1	813
2701 3404 3	814
2716 3302 0	815
3482 3278 0	816
3271 3159 0	817
2617 3299 0	818
3188 3272 0	819
3209 3495 0	820
3913 4864 0	820
3913 4967 0	820
2883 2951 0	821
3729 3319 0	822
2995 3374 0	823
2568 3335 0	824
3308 3454 0	825
4012 4926 0	825
3442 2911 0	826
2346 3652 0	827
2780 3087 1	828
2918 3557 0	829
1542 3570 0	830
2077 4888 0	831
3669 3216 0	831
3252 9517 2	832
2572 3320 0	833
2498 3861 1	834
3303 3113 0	835
2641 3218 0	836
2543 3169 0	837
2791 3182 0	838
2827 10065 1	839
2894 3528 0	840
2579 3295 1	841
3097 3266 0	842
2999 3372 0	843
2546 3112 2	844
2930 4712 2	844
2522 3498 0	845
3266 3333 0	846
2928 3456 0	847
2969 3204 0	848
3227 3242 0	849
2443 3051 0	850
3319 9616 0	853
3285 3232 0	854
3309 2779 0	857
3366 11497 0	858
3363 11492 0	859
3364 11485 0	860
3362 3146 0	863
2570 3276 0	871
1351 3299 0	887
2728 3478 0	887
3097 3237 0	887
3303 6125 0	887
2540 3171 0	897
3225 3428 0	898
3929 4900 0	898
3282 3501 0	899
3986 4973 0	899
1636 3102 0	901
1636 3122 0	901
1654 3112 0	901
1669 3092 0	901
1846 3753 0	901
1866 3293 0	901
1885 3274 0	901
3348 2959 0	901
3362 2993 0	901
1686 3141 0	936
1554 3033 0	937
1435 3122 0	938
1683 2975 0	939
2906 3450 0	940
1453 3173 0	957
1413 2937 0	958
1754 3073 0	959
1720 3165 0	960
3504 3037 0	961
1431 3323 0	963
2700 3249 0	964
2996 3112 0	965
2503 3638 0	966
2644 3497 0	967
3060 4877 0	968
3599 3496 0	969
3284 2704 0	970
2571 2958 0	971
1824 3539 0	972
2319 3617 0	973
1649 3011 0	974
2500 3898 0	975
2780 3615 0	976
2737 5220 0	977
3037 4761 0	978
3110 3149 0	979
3038 5350 0	980
2924 10455 0	982
3448 9826 0	983
2213 3101 0	984
3423 3018 0	985
2900 3113 0	986
2744 3721 0	987
3127 3496 0	988
2658 3232 0	990
1453 3659 0	992
2513 3886 0	994
1637 3869 0	995
1304 3762 0	996
2528 3129 0	997
2912 4729 0	997
3082 3208 0	998
2682 3083 0	999
2738 2739 0	1000
2075 4850 0	1002
3447 3472 0	1003
2801 3005 0	1004
1359 2943 0	1005
2705 3578 0	1008
3179 2445 0	1009
3410 3326 0	1010
2636 3268 0	1011
3340 5892 0	1011
3249 3095 0	1013
2433 5127 0	1014
1294 3495 0	1015
2740 3353 0	1016
2385 3037 0	1018
3469 3433 0	1020
3574 4374 0	1020
3043 4532 0	1021
2265 2976 0	1022
2148 3069 0	1023
2650 4732 0	1024
1346 3320 0	1042
1369 3374 0	1042
1384 3274 0	1042
1397 3329 0	1042
1412 3287 0	1042
1438 3305 0	1042
1452 3342 0	1042
1477 3333 0	1042
1678 3168 0	1043
1396 3356 0	1044
1247 3166 0	1046
1405 2723 0	1048
1494 2924 0	1048
1565 3368 0	1048
1707 2662 0	1048
1842 3293 0	1048
1867 2784 0	1048
1919 2439 0	1048
1935 4040 0	1048
2024 3637 0	1048
2196 2278 0	1048
2272 2677 0	1048
2784 2632 0	1048
2814 2373 0	1048
2815 4014 0	1048
2978 2224 0	1048
3019 2510 0	1048
2253 3459 0	1049
2439 3030 0	1049
3034 2929 0	1049
1070 2962 0	1050
1564 2679 0	1050
1590 3323 0	1050
1689 2399 0	1050
1748 2209 0	1050
1770 4124 0	1050
1821 3989 0	1050
1827 2842 0	1050
1887 2508 0	1050
1889 2150 0	1050
1904 3835 0	1050
2117 3655 0	1050
2141 2212 0	1050
2143 3350 0	1050
2194 3843 0	1050
2223 3444 0	1050
2273 4129 0	1050
2448 3021 0	1050
2460 2144 0	1050
2479 2823 0	1050
2592 4128 0	1050
2664 2544 0	1050
2699 3047 0	1050
2783 3319 0	1050
2846 4030 0	1050
2997 2917 0	1050
3111 2948 0	1050
3124 2808 0	1050
3167 6102 0	1050
3247 6196 0	1050
3395 2138 0	1050
1439 2969 0	1051
1502 3408 0	1051
1782 3143 0	1051
1840 3691 0	1051
1871 3304 0	1051
1932 2761 0	1051
2140 3884 0	1051
2147 3123 0	1051
2164 3326 0	1051
2580 2853 0	1051
2617 3850 0	1051
2629 3686 0	1051
2659 2673 0	1051
2677 3277 0	1051
2679 3162 0	1051
2765 3227 0	1051
2803 3419 0	1051
2806 2512 0	1051
2941 3144 0	1051
3030 3198 0	1051
3058 2986 0	1051
3146 2828 0	1051
3184 2368 0	1051
3188 6078 0	1051
1444 2963 0	1052
1499 3405 0	1052
1518 2978 0	1052
1726 3468 0	1052
1781 3130 0	1052
1841 3688 0	1052
1884 3291 0	1052
1941 2766 0	1052
2146 3884 0	1052
2158 3126 0	1052
2171 3324 0	1052
2312 3773 0	1052
2315 3688 0	1052
2404 3790 0	1052
2576 2849 0	1052
2579 2299 0	1052
2618 3845 0	1052
2632 3696 0	1052
2656 2676 0	1052
2666 3160 0	1052
2668 3266 0	1052
2758 2953 0	1052
2761 3233 0	1052
2793 2515 0	1052
2804 3412 0	1052
2919 3226 0	1052
2956 3149 0	1052
3029 3206 0	1052
3063 2991 0	1052
3159 2835 0	1052
3180 2370 0	1052
3195 6076 0	1052
1449 2969 0	1053
1506 3407 0	1053
1515 2977 0	1053
1725 3461 0	1053
1781 3147 0	1053
1837 3691 0	1053
1866 3306 0	1053
1927 2761 0	1053
2146 3879 0	1053
2151 3123 0	1053
2170 3328 0	1053
2307 3776 0	1053
2313 3693 0	1053
2401 3788 0	1053
2581 2848 0	1053
2612 3846 0	1053
2629 3699 0	1053
2652 2673 0	1053
2673 3269 0	1053
2684 3164 0	1053
2756 2949 0	1053
2769 3225 0	1053
2800 3413 0	1053
2802 2513 0	1053
2874 3339 0	1053
2952 3150 0	1053
3028 3194 0	1053
3061 2985 0	1053
3148 2826 0	1053
3173 2370 0	1053
3194 6080 0	1053
1445 2968 0	1054
1509 3410 0	1054
1780 3126 0	1054
1822 3680 0	1054
1883 3297 0	1054
1937 2759 0	1054
2173 3335 0	1054
2561 2852 0	1054
2637 3686 0	1054
2663 3156 0	1054
2770 3228 0	1054
2804 2523 0	1054
2805 3427 0	1054
2944 3148 0	1054
3024 3204 0	1054
3060 2979 0	1054
3197 6087 0	1054
1203 2733 0	1055
1453 2970 0	1055
1507 3402 0	1055
1512 2975 0	1055
1558 2771 0	1055
1727 3452 0	1055
1766 2659 0	1055
1775 3141 0	1055
1846 3687 0	1055
1861 3306 0	1055
1873 2985 0	1055
1893 3429 0	1055
1924 2758 0	1055
1955 4056 0	1055
1959 3117 0	1055
2059 2606 0	1055
2081 3690 0	1055
2098 3188 0	1055
2145 3120 0	1055
2151 3530 0	1055
2152 3880 0	1055
2159 3324 0	1055
2190 2327 0	1055
2223 3466 0	1055
2283 2823 0	1055
2304 3690 0	1055
2309 3783 0	1055
2319 2774 0	1055
2345 2270 0	1055
2413 3780 0	1055
2468 2721 0	1055
2533 2531 0	1055
2544 3765 0	1055
2568 2297 0	1055
2580 2843 0	1055
2582 8607 0	1055
2612 3840 0	1055
2631 3705 0	1055
2652 2678 0	1055
2661 2395 0	1055
2672 3265 0	1055
2686 3161 0	1055
2747 3304 0	1055
2750 2951 0	1055
2758 3229 0	1055
2797 3412 0	1055
2809 2510 0	1055
2849 2327 0	1055
2861 3972 0	1055
2879 3335 0	1055
2906 3226 0	1055
2928 4056 0	1055
2961 3147 0	1055
2972 2603 0	1055
2998 2288 0	1055
3051 3192 0	1055
3062 2639 0	1055
3070 2986 0	1055
3144 2824 0	1055
3175 2367 0	1055
3183 6076 0	1055
3355 2216 0	1055
1882 3301 0	1056
3058 2974 0	1056
2802 3430 0	1251
3049 2967 0	1252
2962 2604 0	1253
3026 3209 0	1254
3185 2405 0	1255
3696 3183 0	1260
2575 2253 0	1265
3036 3455 0	1266
3054 2639 0	1267
