# Location	Name	Kind
# From the OSRS Wiki (settlement, island and region pages), CC BY-NC-SA 3.0
2765 2976 0	Cairn Isle	island
2560 3870 0	Miscellania	island
2652 4029 0	Iceberg	island
2914 2720 0	Crash Island	island
2840 3358 0	Entrana	island
3805 2844 0	Harmony Island	island
2836 3271 0	Crandor	island
2205 3812 0	Pirates' Cove	island
2696 3208 0	Moss Giant Island	island
3680 3535 0	Braindeath Island	island
3806 3549 0	Dragontooth Island	island
1767 3420 0	Crabclaw Isle	island
2585 3910 0	Here be penguins	island
3566 4003 0	Lithkren	island
2463 4008 0	Island of Stone	island
2210 2900 0	Isle of Souls	island
3106 3028 0	The Node	island
3082 3206 0	Draynor island	island
1391 2935 0	Aldarin	island
1296 3213 0	College of Bards	island
2648 2406 0	Charred Island	island
2850 2330 0	Last Light	island
3048 2648 0	Dognose Island	island
2533 2533 0	Isle of Bones	island
2924 3219 0	Lone oak island	island
2478 2715 0	Anglers' Retreat	island
2023 2666 0	Limbo	island
1195 2772 0	Laguna Aurorae	island
2799 2517 0	Red Rock	island
1953 3103 0	Minotaurs' Rest	island
1948 2782 0	Deepfin Point	island
2335 2270 0	Rainbow's End	island
1855 2425 0	Isle of Serpents	island
1884 3434 0	Chinchompa Island	island
2091 3179 0	Lledrith Island	island
2080 3685 0	Buccaneers' Haven	island
2146 3545 0	Drumstick Isle	island
1947 4069 0	Brittle Isle	island
2913 4072 0	Grimstone	island
2961 2610 0	Remote Island	island
2525 3743 0	Waterbirth Island	island
2656 2656 0	Void Knights' Outpost	island
3100 3100 0	Tutorial Island	island
3109 3160 0	Wizards' Tower	island
2078 2720 0	Shipyard	island
2272 4064 0	Ungael	island
1285 3256 0	Tempestus	island
2665 3098 0	Yanille Chain	island
3035 2850 0	Tempoross Cove	island
3040 2980 0	The Pandemonium	island
3200 2435 0	The Great Conch	island
3356 2205 0	The Little Pearl	island
2975 2273 0	The Onyx Crest	island
2898 2837 0	Rock Island Prison	island
1887 2984 0	Vatrachos Island	island
2333 2768 0	Tear of the Soul	island
2068 2603 0	Wintumber Island	island
1761 2664 0	The Crown Jewel	island
2209 2330 0	Sunbleak Island	island
1569 2786 0	Shimmering Atoll	island
2220 3475 0	Ynysdail	island
2786 3996 0	The Graveyard (location)	island
2571 2240 0	Wyrmscraig	island
3537 3100 0	Unnamed island (east of the Ruins of Uzer)	island
3603 4077 0	Unnamed island (north-east of Lithkren)	island
2793 3318 0	Unnamed island (Sea Slug)	island
3829 3894 0	Unnamed island (north of the House on the Hill)	island
3729 3970 0	Unnamed island (north of Fossil Island)	island
3497 3684 0	Unnamed island (north of the Mausoleum)	island
3860 3684 0	Unnamed island (south-east of Fossil Island)	island
3862 4067 0	Unnamed island (north-east of Fossil Island)	island
3594 3832 0	Unnamed island (west of the Mushroom Meadow)	island
3606 3674 0	Unnamed island (south-west of the Tar Swamp)	island
2501 3899 0	Unnamed island (penguins)	island
3408 3329 0	Unnamed island (River Salve)	island
2511 3085 0	Unnamed island (north of Gu'Tanoth)	island
3422 2730 0	Unnamed island (south of the Ruins of Ullek)	island
3180 2642 0	Unnamed island (south of Menaphos)	island
2538 3827 0	Unnamed island (south of Miscellania)	island
2697 3247 0	Unnamed island (south-east of Ardougne)	island
3200 3360 0	Misthalin	region
2970 3400 0	Asgarnia	region
2640 3380 0	Kandarin	region
3560 3380 0	Morytania	region
2850 3040 0	Karamja	region
3340 2960 0	Kharidian Desert	region
2660 3720 0	Fremennik Province	region
3150 3780 0	Wilderness	region
2260 3240 0	Tirannwn	region
1640 3640 0	Great Kourend	region
1580 3060 0	Varlamore	region
2860 3660 0	Troll Country	region
1300 3720 0	Kebos Lowlands	region
3200 2745 0	Menaphos	region
2515 2954 0	Feldip Hills	region
2117 3903 0	Lunar Isle	region
2750 2750 0	Ape Atoll	region
3735 2999 0	Mos Le'Harmless	region
3730 3807 0	Fossil Island	region
3493 3488 0	Canifis	settlement
3487 3288 0	Mort'ton	settlement
3427 2911 0	Nardah	settlement
3169 3036 0	Bedabin Camp	settlement
2570 3300 0	Ardougne	settlement
2814 3443 0	Catherby	settlement
2338 3171 0	Lletya	settlement
2870 3544 0	Burthorpe	settlement
2800 3670 0	Mountain Camp	settlement
2405 3805 0	Jatizso	settlement
2331 3802 0	Neitiznot	settlement
2765 2786 0	Marim	settlement
3188 3220 0	Lumbridge	settlement
3000 3360 0	Falador	settlement
3290 3185 0	Al Kharid	settlement
3103 3265 0	Draynor Village	settlement
3080 3492 0	Edgeville	settlement
2624 3300 0	East Ardougne	settlement
3037 3685 0	Bandit Camp (Wilderness)	settlement
2198 3253 0	Iorwerth Camp	settlement
1505 3801 0	Lovakengj	settlement
1700 3800 0	Arceuus	settlement
1762 3598 0	Hosidius	settlement
1510 3430 0	Land's End	settlement
1699 3945 0	Fishing Hamlet	settlement
1324 3556 0	Lizardman Settlement	settlement
3597 3360 0	Darkmeyer	settlement
3738 3812 0	Museum Camp	settlement
1725 3128 0	Civitas illa Fortis	settlement
1660 3677 0	Kingstown	settlement
2200 3410 0	Gwenith	settlement
2465 3180 0	Goblin settlement	settlement
3137 3623 0	Ferox Enclave	settlement
1581 3434 0	Barbarian Camp	settlement
3426 4064 0	Daimon's Crater	settlement
1645 3148 0	Kualti Headquarters	settlement
1417 3360 0	Auburnvale	settlement
1387 2862 0	Mistrock	settlement
1310 2915 0	Darkmoon Ravine	settlement
1373 3042 0	Kastori	settlement
2520 1026 0	Miscellania Expansion	settlement
2576 2258 0	Auchrie	settlement
2795 3065 0	Tai Bwo Wannai	settlement
2849 2972 0	Shilo Village (location)	settlement
3679 3486 0	Port Phasmatys	settlement
3297 2783 0	Sophanem	settlement
3358 2974 0	Pollnivneach	settlement
2710 3485 0	Seers' Village	settlement
2577 3090 0	Yanille	settlement
2440 3460 0	Tree Gnome Stronghold	settlement
2653 3159 0	Port Khazard	settlement
2720 3287 0	Witchaven	settlement
2185 3145 0	Tyras Camp	settlement
2910 3451 0	Taverley	settlement
2658 3677 0	Rellekka	settlement
2836 3680 0	Troll Stronghold (location)	settlement
3029 3221 0	Port Sarim	settlement
2956 3232 0	Rimmington	settlement
3210 3448 0	Varrock	settlement
2500 3305 0	West Ardougne	settlement
2193 3060 0	Zul-Andra	settlement
1803 3752 0	Port Piscarilius	settlement
1517 3592 0	Shayzien	settlement
1560 3895 0	Settlement Ruins	settlement
3724 3335 0	Slepe	settlement
3165 2845 0	Ruins of Unkah	settlement
1505 3645 0	Shayzien Encampment	settlement
3489 3041 0	Uzer Oasis	settlement
1530 2983 0	Sunset Coast	settlement
1223 3111 0	Tal Teklan	settlement
3732 3326 0	Slepe church	settlement
1670 3246 0	Twilight Temple	settlement
1505 3232 0	Quetzacalli Gorge	settlement
1625 3295 0	Salvager Overlook	settlement
2724 3284 0	Witchaven church	settlement
3155 2415 0	The Summer Shore	settlement
1376 3310 0	Nemus Retreat	settlement
