# Wiki map ids showing each overlapping region, map version 2026-08-12_a (built by BuildRegionTable)
4249	
4250	
4251	
4252	
4253	
4254	
4255	
4256	
4257	
4494	
4495	
4496	
4505	
4506	
4507	
4508	
4509	
4510	33	0000000000000000000000000000001000000111000001110000011100000111
4511	33	0000000000000000000000000000000010000000100000000000000000111000
4512	33	0000000000000000000000000000000000111000001111000011110000011000
4513	
4626	
4627	
4628	
4629	
4750	
4751	49	0000000000000010000111110001111100011111000111110000000000000000
4752	
4761	
4762	
4763	10130	0001100011111010111111111111111100111110000011100000111000000000
4764	
4765	33	0000000000000000011100000111100001111000001100000000000000000000
4766	33	0000110100011101001111110011111100111110000110000000000000000000
4767	33	1111110011111100111110000011000001111000011110000111000000110000
4768	33	0011100001111100011111000111110001111000011110000011000000110000
4769	
4882	
4883	10030	0000001100111111011001110110011100111111000010110000000000000000
4884	
4885	
5006	
5007	
5008	
5009	
5010	
5011	
5012	
5013	
5014	
5015	
5016	
5017	
5018	
5019	
5020	
5021	
5022	33	0000000000000000000000000000000000001110000010100000111100000111
5023	33	0000000000000000000000000000000001000000111100001011000010100000
5024	
5025	
5138	
5139	
5140	10030	0000001100111111011001110110011100111111000010110000000000000000
5141	
5264	
5265	
5266	
5267	
5268	43	1111000011111000111111111111111111111111111111111111111000000000
5269	45	0000000000000000000000000000000000000000000000000000000000000110
5270	
5271	
5272	43	0000000000001100000011110111111111111111111111110111111001101110
5273	
5274	33,32	2222222322222223222222232222222322222223222222232222222322222223
5275	33,32	1111332201113122111133221111332211113322111131221111332211111322
5276	33,32,10102	2233111522331115223301152233301522331115223311152233110522331115
5277	33,32,10102	7766666675446666756666667566666675666666756666467344444657666666
5278	10102	1000000000000000100000001000000010000000100000001000000010000000
5279	33	1111000000110000000110111111111101111111000111010001000100000011
5280	33	0000000000000000111100001111100011111000111110001011000010000000
5281	
5394	
5395	10030	0000001100111111011001110110011100111111000010110000000000000000
5396	
5397	
5520	
5521	43	0011110000111100001111000001110000011100000111100001111000011110
5522	
5523	43	0000000000000000000000000011000000110000001100000000000000000000
5524	45	0000000000000000000000000000000100000001000000000000000000000000
5525	44,45	2222222222222222222222222222222222222222133333221133310011111111
5526	45	0000000000000000000000000001100000111100011111100111111000111100
5527	45	1111111011111110111111111111111111111111111111110111111101111111
5528	45,43	0220000202222222122222221322222233222222332222223322222210222000
5529	32,43	2000000022022000222220002222200122220001222000002220000002200001
5530	32
5531	
5532	
5533	
5534	
5535	33	0000001100000001000000000000000000000000000000000000000000000000
5536	33	1111100011111000011111000111110000111000000000000000000000000000
5537	
5650	
5651	
5652	
5653	
5718	
5719	
5720	
5776	
5777	43	0000000000000000000111000001111100011111000011110000111100000111
5778	
5779	
5780	44	0000001100000011000001110001111100001111000001110000001100000011
5781	44,45	1111111113311331133333311333331113333311133333311331133111111111
5782	44,45	0002200002222220022222221322222213222222022222220222222000022000
5783	45	0000101101100000111100001111100011111000111100000110000000000000
5784	
5785	32	1110000111111111111111111111111111111111111111111111111111101111
5786	32	1000101110000000100000001000000010111100111111101111111111111111
5787	32	0000000000000000000000000000000000000011000001110000111100001111
5788	32	0000000000000000000000000000000011100000111000001111000011110000
5789	32	0000000000000000000000000000000000011000011111101111111111111111
5790	
5791	
5792	
5793	
5966	
5967	
5968	
5974	
5975	9	1111111111111111111110111111111111111111111111111111111111111111
5976	
6032	
6033	43	0000011000000000000000000000000000000000000000000000000000000000
6034	
6035	
6036	44,43	0022201100222111000221110000011100000001000000010000000000000000
6037	44,45	1111311111113333111333333333322033332222333222223300222000000200
6038	45	0011110001111110011111100011110000011000000000000000000000000000
6039	45	1111111011111111111111110111111101111111111111111111111111111111
6040	
6041	
6042	32	1111111111111111011111100111110000000000000000000000000000000000
6043	32	0000111100001111000001110000011100000000000000000000000000000000
6044	32	1111000011110000111000001100000000000000000000000000000000000000
6045	32	1111111111111111011111100000000000000000000000000000000000000000
6046	
6047	
6048	
6218	
6219	10109	0000000000000000000000000000000000000000000000000000000011110110
6220	
6221	
6222	
6223	10099	1111000011111110111111111111111111111111111111111111111011110000
6224	
6230	
6231	
6232	
6237	
6238	37	0000000000000000000000000000000000000000000000000000000011111111
6239	37	0000000000000000000000000000000000000000000000000000000011111111
6240	37	0000000000000000000000000000000000000000000000000000000011111111
6241	
6288	
6289	
6290	
6291	43	0000000000000101111011110110111100000000000000000000000000000000
6292	
6293	
6294	
6295	
6296	
6297	
6298	32	0011100001111110111111111111111101111111011111111111111011101110
6299	
6300	32	0000000000000000000000000000000000000000000000000000000111111111
6301	32	0000000000000000000000000000000000000000000000000000000011111000
6302	
6303	10095	0000011000001111000011110011011001111000011110000111100000110000
6304	
6465	0
6466	0	1000000010000000100000001000000010000000100000001000000010000000
6467	
6474	10109	0000000100000001000000010000000100000001000000010000000100000001
6475	10109
6476	10109	0000000000000000000000001000000010000000100000001000000010000000
6477	10171	0011111100111111111111111111111111111111111111110011111100111111
6478	
6479	
6480	
6493	37	0000000100000001000000010000000100000001000000010000000100000001
6494	37
6495	37
6496	37
6497	37	1000000010000000100000001000000010000000100000001000000010000000
6539	
6540	
6541	
6542	
6543	
6544	
6545	
6546	
6547	
6548	43	0000000000000000000000000000000000110000011100010111000100110000
6549	43	0000100000011100111111001111110011111100111111001111110011000000
6550	
6551	
6552	
6553	32	0000000000000000000000000000000000100111001111110111101101110111
6554	
6555	32	0000000000000000000000010000000000000000000000010000000100000000
6556	32
6557	32
6558	
6559	
6560	
6594	
6595	10182	0000000000000000000000000000000000000000000000000000000000111000
6596	
6721	0
6722	0,10087	3222222232222222322222223222222232222222322222223222222232222222
6723	
6730	10109	0000000100000001000000010000000100000001000000010000000100000001
6731	10109
6732	10109	1000000010000000100000001000000010000000100000001000000010000000
6733	
6734	
6735	
6736	
6737	
6738	
6739	
6740	
6741	
6749	37	0000000100000001000000010000000100000001000000010000000100000001
6750	37
6751	37
6752	37
6753	37	1000000010000000100000001000000010000000100000001000000010000000
6795	
6796	
6797	
6798	
6799	31	0000000000001110000011100000010000000000000000000000000000000000
6800	
6801	
6802	
6803	
6804	43	1001111110011111111111111111111111111111111000001100000011000000
6805	43	1100000011000000110000001111100011111100111110001100000011000000
6806	
6807	
6808	
6809	32	1111111111111111111111111111111011111111111111110111111101111111
6810	
6811	32	0000000000000000000000000000000100000001000000010000000000000000
6812	32
6813	32	1111111011111110111111111111111111111111111111111111111111111111
6814	
6815	
6850	
6851	10182	0011110000111110001111100001111000011111000011110000000000000000
6852	
6977	0
6978	0	1000000010000000100000001000000010000000100000001000000010000000
6979	
6985	
6986	10067	0000000000000000000000000000000000000000000000000000000011111111
6987	10109	1111111100000000000000000000000000000000000000000000000000000000
6988	
6989	10170	0011111100111111111111111111111111111111111111110011111100111111
6990	
6991	10047	1111111111111111001111110011111110111111111111111111111011111110
6992	13	0111111101111111011111110111111101111111111111110011111100011111
6993	13	1111111011111111111111111111111111111111111111111111111111111111
6994	
6995	1	0001110001111110011111100111111111111111011111110111111000111100
6996	
6997	
7005	37	0000000100000001000000010000000100000001000000010000000100000001
7006	37
7007	37
7008	37
7009	37	1000000010000000100000001000000010000000100000001000000010000000
7051	
7052	
7053	
7054	
7055	
7056	
7057	
7058	
7059	
7060	43	0000000000000000000000000000000000000000000000000000000000011000
7061	
7062	
7063	
7064	
7065	
7066	
7067	32	0000000000000000000000000000000000000000000000000000000011111100
7068	32	1111111111000011100000000000000000000000000000001100000011000000
7069	32	1100000100000001000000000000000000000000000000000000000000000000
7070	32	0000000000000000000000000000000000000000000000000000000011000000
7071	
7106	
7107	
7108	
7233	0
7234	0	1000000010000000100000001000000010000000100000001000000010000000
7235	
7239	
7240	10113	0000000000000000000000000000000000000000000000000000000011111111
7241	10067	0000000100000001000000010000000100000001000000010000000100000001
7242	10067
7243	10067	1000000010000000100000001000000010000000100000001000000010000000
7244	10056	0011100000111000001110000000000000000000000001110000011100000111
7245	
7246	
7247	
7248	10048	0000000000000000001111000111111001111110001111000001100000000000
7249	18	0000000000000000000000000000000000000000000000000000000000000011
7250	
7251	1	0000000000000001000111110001111100000000000000000000000000000000
7252	1	1001100011111110111011100111111011111111011111100111111001111110
7253	
7254	
7261	
7262	37	1111111100000000000000000000000000000000000000000000000000000000
7263	37	1111111100000000000000000000000000000000000000000000000000000000
7264	37	1111111100000000000000000000000000000000000000000000000000000000
7265	
7307	
7308	
7309	
7310	31	0011111000111110011111100111101111111111111111110111111100011110
7311	
7312	
7313	
7314	
7315	
7316	43	0111110001111111011111110111111101111111011111110111111101111111
7317	
7318	
7319	
7320	
7321	
7322	32	0000001100000011000000110001111100011111000111110001111100011111
7323	32
7324	32	1000000010000000100000000000000000000000100000001000000010000000
7325	
7326	32
7327	32	0000000010000000100000000000000000000000000000000000000010000000
7489	0
7490	0,10090	1200000032200000100000001000022010002222100022221000222210002220
7491	
7492	
7493	
7494	
7495	10113	0000000100000001000000010000000100000001000000010000000100000001
7496	10113
7497	
7498	10067	1111111100000000000000000000000000000000000000000000000000000000
7499	10065
7500	10115	0000000000000000000000001000000011000000000000000000000000000000
7501	
7502	10145	0000000000000000001111000011110000111100000000000000000000000000
7503	18	0000000000000000000000000000000000001111000011110000111100001111
7504	10059,18	0110000011100000111000000000000022220000222200002222000022220000
7505	18	1111111111111111111111111111111111111111111111111111111100111111
7506	
7507	10103	1111110011111100000000000000000000000000000000000000000000000000
7508	10019	0001100000111110011111100111111001111110011111100111110000000000
7509	10019	0000000000111110011111100111111001111110011111100111110000000000
7510	10151	0000000000000000000000000000000000000000000000000000000011111111
7511	10151	0000000000000000000000000000000000000000000000000000000011111111
7512	
7559	
7560	
7561	
7562	
7563	
7564	31	0000000000000000000000000000110000011110000011100001111000011111
7565	
7566	
7567	
7568	
7569	
7570	
7571	
7572	
7573	
7574	
7575	
7576	
7577	
7578	
7579	32	0001110000000000000000000000000000000000000000000000000000000000
7580	
7581	
7582	32	1111111111111111111111111111111111111111111111110000000000000000
7583	32	1000000010000000000000000000000000000000000000000000000000000000
7745	0
7746	0	1000000010000000100000001000000010000000100000001000000010000000
7747	
7748	
7749	10129	1111111111111111111011101110101111111111111111101110111111101111
7750	
7751	
7752	10113	1111111100011100000111000011110000111110001111100111100001100000
7753	10088	1111110011111110111111101111111011111110111111000011100000000000
7754	
7755	10064
7756	18	0000000000000000000000000000000000001111000011110000111100001111
7757	10022,18	0000000000011110001111100023110022231100222200002222000022220000
7758	18
7759	18	0000111100001111000011110000111100000000000000000000000000000000
7760	18	1111000011110000111100001111000000000000000000000000000000000000
7761	
7762	
7763	
7764	
7765	10151	0000000100000001000000010000000100000001000000010000000100000001
7766	10151
7767	10151
7768	10151	1000000010000000100000001000000010000000100000001000000010000000
7815	
7816	
7817	
7818	
7819	
7820	31	1111111111111111111111111111111111111100101100001011111111111111
7821	31	0000000010000000110000000100000011110110111111111111111111110111
7822	
7823	48	0001110000011111000111110111111101111111011111000011100000111000
7824	
7825	
7826	
7827	
7828	50	0000111000011110001111100011110000111100001111000001100000000000
7829	
7830	
7831	
7832	
7833	
7834	
7835	
7836	
7837	
7838	
7839	
8004	
8005	
8006	
8007	
8008	10113	1111111111111111111111111111111011111111111111111111111100111110
8009	10164	1111111111101100111111101101111010011110110111001111111111111111
8010	10108	0000000000000000011100000101000001110000000000000000000000000000
8011	10066
8012	18	0000111100001111000011110000111100000000000000000000000000000000
8013	10052,18	2233010022331111223311112233111000111111001110000000000000000000
8014	
8015	
8016	
8017	
8018	
8019	
8020	10010	0000000000000000000000000000000000000000000000000000000011111111
8021	10151	0000000100000001000000010000000100000001000000010000000100000001
8022	10151
8023	10151
8024	10151	1000000010000000100000001000000010000000100000001000000010000000
8025	
8071	
8072	
8073	
8074	
8075	
8076	31	1111111011111000111111100111111001111100011111001111011001110100
8077	31	0000000000000000000000000000001100000111000001110000001100000011
8078	31	0000000000000000000000000000000010000000100000001000000000000000
8079	48	0011001100111111000111110001111000001100000011000000110000011111
8080	
8081	
8082	
8083	
8084	
8085	
8086	
8087	
8088	
8089	
8090	
8091	
8092	
8093	
8257	0
8258	0	1000000010000000100000001000000010000000100000001000000010000000
8259	
8260	
8261	10127	0000000000011111000111110001111100011111000111110001111100011111
8262	
8263	
8264	
8265	10165	0000000000000000000000000000000000000000000000000000000000000011
8266	
8267	10033	1111111101011110011111111111111101111110011111000001010000000000
8268	
8269	
8270	10149	0110001001101110011011100000000001111110011111100111011000000000
8271	4	0000000000000000000000000000000000000000000000000000000011111111
8272	4	0000000000000000000000000000000000000000000000000000000011111111
8273	
8274	
8275	10010	0000000100000001000000010000000100000001000000010000000100000001
8276	10010
8277	10010	1000000010000000100000001000000010000000100000001000000010000000
8278	
8279	10151	1111111100000000000000000000000000000000000000000000000000000000
8280	10036	0000000000000000011011100111111001100110011111101111111001111110
8281	
8327	
8328	
8329	
8330	
8331	
8332	31	0111111001111110001111100000000000000000000000000000000000000000
8333	
8334	
8335	48	0111111101110111011001110110111100111111001111110011111100011110
8336	
8337	
8338	
8339	
8340	
8341	
8342	
8343	
8344	
8345	
8346	
8347	
8348	
8349	
8350	
8351	
8352	
8353	
8354	
8355	
8356	
8513	0
8514	0	1000000010000000100000001000000010000000100000001000000010000000
8515	
8516	10143
8517	
8518	10165	0000000000000000000000000000000000000001000000010000000000000000
8519	10165	1111111111111111111111111111111111111111111111111011111111111111
8520	10165	1111111111101100111111101101111010011110110111001111111111111111
8521	10165	1111111101111111011111110111111111011111111111111111011111111111
8522	
8523	
8524	
8525	10060	1111111111111111111111111111111111111111111111111111111100000000
8526	4	0000000100000001000000010000000100000001000000010000000100000001
8527	4
8528	4
8529	4	1000000010000000100000001000000010000000100000001000000010000000
8531	
8532	10010	1111111100000000000000000000000000000000000000000000000000000000
8533	
8535	
8536	10036	0111111001111110011111110111111001111110011111100011110000000000
8537	
8539	
8540	
8541	
8542	
8543	
8583	
8584	
8585	
8586	
8587	
8588	
8589	
8590	
8591	
8592	
8593	
8594	
8595	
8596	
8597	
8598	
8599	
8600	
8601	
8602	
8603	
8604	
8605	
8606	
8607	
8608	
8609	51	0011110000111100011111100111111001111111001111110111111000110100
8610	
8611	
8612	
8769	0
8770	0	1000000010000000100000001000000010000000100000001000000010000000
8771	
8772	
8773	
8774	
8775	
8776	
8777	10165	0000001100000000000000000000000000000000000000000000000000000000
8778	
8779	10039	0000000000101111001111100011111000111110011111100010011100000000
8780	
8781	10028
8782	
8783	4	1111111100000000000000000000000000000000000000000000000000000000
8784	4	1111111100000000000000000000000000000000000000000000000000000000
8785	
8789	
8790	
8791	
8792	
8793	
8795	
8796	
8797	10075	0000000000000000000000000000000000000000000000000001111011111111
8798	
8799	
8839	
8840	48	0000000000000000000000000000000000111100011111100111111001111110
8841	
8842	
8843	
8844	
8845	
8846	
8847	
8848	
8849	
8850	
8851	
8852	
8853	
8854	
8855	
8856	
8857	
8858	
8859	
8860	
8861	
8862	
8863	
8864	
8865	
8866	
8867	
8868	
9025	0
9026	0	1000000010000000100000001000000010000000100000001000000010000000
9027	10143	0011100001111110001111100011111011111111111111101111111011111000
9028	
9029	
9030	
9031	
9032	
9033	
9034	10138	0000000000000000000000000111000000110000000000000000000000000000
9035	
9036	
9037	
9038	
9039	
9040	
9045	
9046	10114	0000000000000000011000000110000001111111011111110000000000000000
9047	
9051	
9052	10075	0000000100000001000000010000000100000001000000010000000100000001
9053	10075
9054	10075	0000000010000000100000001100000011000000100000001000000010000000
9055	
9095	
9096	
9097	
9098	
9099	
9100	
9101	
9102	
9103	
9104	
9105	
9106	
9107	
9108	
9109	
9110	
9111	
9112	
9113	50	0000011100000111000001110000011100000011000000000000000000000000
9114	10161,50	2222000022220000222222222222222222222222222222220222222200002213
9115	
9116	19
9117	
9118	
9119	
9120	
9121	
9122	
9123	10168	0000000000011000000111100011111000111110001111110011111000000000
9124	
9281	0
9282	0	1000000010000000100000001000000010000000100000001000000010000000
9283	
9284	
9285	10061	0000000000000000111011001111110001111100011111000111110000101100
9286	
9287	10160
9288	
9289	
9290	
9291	10180	0001110011111110111111111111111111111111111111111111111001111100
9292	
9293	10044	0011000000110000111111101111111011111110111111111111111011111110
9294	
9295	10179	0111111011111111110111110111110001111110111111101111111001110000
9296	
9297	
9301	
9302	
9303	
9307	
9308	
9309	10075	1111111101111110000000000000000000000000000000000000000000000000
9310	
9311	
9351	
9352	
9353	
9354	
9355	
9356	
9357	
9358	10093	1000000110000011100001111000011110000011100000110000000100000001
9359	10093	1000000011000000100000001110000011110000011100001101100010011000
9360	10093	0000000100000001000000010010000101111101111011010111110000011110
9361	
9362	10122
9363	27	0000000000000000000000000000000000001100000111110011111100111111
9364	
9365	10094	0000000000000000000000000000110000001100000000000000000000000000
9366	
9367	10163	0000000000000000000000000000000000000000000000000000000010000011
9368	10161	0000000000000000000000000000000100000001000000000000000000000000
9369	10161
9370	10161
9371	
9372	
9373	
9374	
9375	
9376	
9377	
9378	
9379	
9380	
9537	0
9538	0,10143	3222222232222222322222223222222232222220322222203222222032222200
9539	
9540	28	0001111111111111111111111111111111111111011111110111101101111111
9541	28	0011110011111111111111111111111111111111111111111111111111111110
9542	
9543	10096	0000000000000000000000000000000000000000000000000000000011111111
9544	10107	0000000001110000011100000111000000000000000000000000000000000000
9545	10173	1111111111111111111111111110111111011111111111111111111111111111
9546	
9547	10119
9548	
9549	10044	1111111011111111111111111111111101111100001111000110110000001100
9550	
9551	23	1111111110011001110110011100001111000011111011011110111111111111
9552	23	0001100001111100011111111101011111110011011111110111110111000111
9553	
9557	
9558	
9559	
9563	
9564	
9565	10076	0000000000000000000110000111110001111100000110000000000000000000
9566	
9567	
9568	10162	0000000000000000000000000000000000000000000000000000000000000011
9569	
9591	
9592	
9593	
9594	
9595	
9596	
9612	
9613	
9614	
9615	10093	1101100111111011011001110111110011111111011111111111110011111100
9616	10093	0110011111111111111111111111111111111111111111110011111100000001
9617	
9618	
9619	27	0111111001111111111111111111111111111111111111111111111101111110
9620	
9621	10166	0000001100000001000000000011001100000001000000010000000000000000
9622	10166	1111111111111111111111111111111111111111111111111111111111111011
9623	10163,10166	1111111111111111111111111110111111101111111111113111111121011111
9624	19	0000000000000000000000110000111100001111000001110000011100000111
9625	19	0000000000111000011110000011100011111100111110001111100001111000
9626	10112	0000000000111110011111110111111101111110011000110000001100000000
9627	
9628	
9629	
9630	
9631	10083	0011100001111110111111111111111101111111011111110111111000111000
9632	51	1101111111111111111111111111111101111111011111110111111101111111
9633	
9634	51	0000000000000000000000000010011101111111111111111111111111111111
9635	51	0000000000000000000000000000000011000000110000001000000011100000
9636	
9793	0
9794	0	1000000010000000100000001000000010000000100000001000000010000000
9795	
9796	10058	1111111111111101111111111111111111111111111101101111110011111000
9797	28
9798	10096	0000000100000001000000010000000100000001000000010000000100000001
9799	10096
9800	10096	1000000010000000100000001000000010000000100000001000000010000000
9801	
9802	10091	0000000000000000000011100001111000001110000011100000000000000000
9803	
9804	
9805	10136	0001000001011010111011110101111101111100111111100001111000000110
9806	23	0000000000000000000000000000000001111100111111111111111111111111
9807	23	0000011100000111000111110001111100111111001111110111011111111111
9808	23	1111111111111111111111111111111011111111111111111111111111111111
9809	23	1000000010000000000000000000000000000000000000000000000000000000
9813	
9814	10153	0111111001111110000000000000000000000000011111100111111001111110
9815	
9820	
9821	
9822	10162	0000000000000000000000000000000100000001000000000000000000000000
9823	10162
9824	10162
9825	
9826	
9827	
9828	
9829	
9847	
9848	52
9849	52
9850	52
9851	52
9852	
9868	
9869	
9870	
9871	10093	1111100011111000111000000000000000000000000000000000000000000000
9872	
9873	
9874	10084	0000000000000111000011110001111100011111000111100000111100000111
9875	10084	1111111111111111111111111111111111111111111111111111111111111110
9876	
9877	
9878	10167	0000000011111111111111111111111111101111111111101101111011000000
9879	10163	0111111101111111011110111111111111111111111111111110111111111111
9880	19	0000011100000111000001110000011100000111000001110000000000000000
9881	19	0111110011111100101111001011110011111100111111001111110000111100
9882	19	1111111111111111111111111111111111111111111111111111111111011111
9883	19	0000000000000000000000000000000000000000000000001000000010000000
9884	
9885	
9886	25	0111111011111111111111111111111111111111111111111111111111111111
9887	
9888	
9889	
9890	51	0111111101111111111111111111111101111111011111110001111100001111
9891	51	1111100011111000111110001111100011111000111110001111100011111000
9892	
10050	0	1000000010000000100000001000000010000000100000001000000010000000
10051	
10052	
10053	
10054	
10055	10096,10121	3333333322222222222222222222222222222222222222222222222222222222
10056	10098	0001110011111110111111101111111100011111000011100000000000000000
10057	
10058	10057	0111111101111111011111110111111101111111011111110111111101111111
10059	
10060	
10061	
10062	23	1111111111111111111111110111111000000000000000000000000000000000
10063	23	1111111111111111011111110111111101111011001111110000001100000000
10064	23	1111111111111110101111001111110011111100111100001111000011000000
10065	
10066	
10067	
10069	
10070	
10071	
10078	
10079	
10080	
10081	
10082	
10083	41	0000000000000000000000000000000000000000000000000010010000111100
10084	
10085	
10103	
10104	52
10105	52
10106	52
10107	52
10108	
10124	
10125	10093	0001111100111111011001100111011001100110011001100111111101111001
10126	10093	1101111111111111111101111111011111111011111111111111110111110111
10127	10093	1001111111111111111100111110001111110011011100111101101111011000
10128	10093	0000000000000000000000001010000011111000111011001111110000011110
10129	10085	0000000001101100111111101111111001110000011000000000000000000000
10130	
10131	10140,27	1111111111111111111111111111111111113333111113331111133111333310
10132	
10133	10154	0000000000011100000111100011110001111000001110000011100000011000
10134	2	0000000000001111000011110000111100001111000011110000111100001111
10135	2	0000000000000000000000000000000011100000111000001110000011100000
10136	2	0000000000000000000000000000000000000000000000000000000000011000
10137	10071,25	0001000000000000000000000000001000000011001111110011133300111333
10138	25,10177	0000000000000000000000000000000000000022000022221100002211000000
10139	25	0000000000000000000000000000000000000000000000001111110011111111
10140	10097,25	0001110011111110111111101111111100011111000011100000022200002202
10141	25	0000000000000000000000000000000000000000000000000111000011110000
10142	25	1111111111111111111111111111111111111111111111111111111101111111
10143	
10144	51	1111111111111111111111111111111111111111111111110111111101111111
10145	
10146	
10147	
10148	
10306	0	1000000010000000100000001000000010000000100000001000000010000000
10307	10128
10308	
10309	10155	0000000000011100000111100011110001111000001110000011100000011000
10310	
10311	
10312	
10313	10063	0000000000000000000000000000000000000000000000000000000011111111
10314	10069	0000000000000000111111111111111111111111111111111111111111111111
10315	
10317	
10318	
10319	
10320	
10321	10074	1111100011111000111110000000000000000000000000000000000000000000
10322	10020	0000000000011110001111100111111001111110011111100011111000000000
10323	
10334	
10335	35	0000111100001111000011110000011100001111001111110111111111111111
10336	35	1000011110000111111111111111111111111111111111111111111111111111
10337	
10338	41	0000000000000001000000010000001100001111000111110011111101111111
10339	41	0111111011111111111111111111111111111111111111111111111111111111
10340	41	0001111011111111111111111111111111111111111111101111100011111110
10341	
10359	
10360	52
10361	52
10362	52
10363	52
10364	
10380	
10381	10093	0111001101111111001111100001111100111011011100110111111101111110
10382	10093	0011111111111110111111100111111101111011011111110011111100001110
10383	10093	1111100111111011011111111111110011111111111111111111111111111111
10384	10093	0110011111111111111111111111111111111111111111111111111111100111
10385	
10386	
10387	10123,27	0033330000111111011111111111111111111111011111111111111111111110
10388	27	0011111100111111011111110111000011110000111100000111111001111110
10389	46	0000000000000000000000100000000000000010000001100000111000010000
10390	2,25	1111111111111111111111111111111111111111111111111111113311111333
10391	2,25	1111000011110000111100001111111111111111111111113311111133311111
10392	2,25	0011100001110000111100001110000011000022000000220000002200000001
10393	2,25	0110033301111111011133111111333111113322011133321111333011103330
10394	25,10176	1122222233222222222222000022220011120022111022221111002211110000
10395	25	1111111111111111110111111110110011111100011111000111101000111110
10396	25	0000100000001011000011110000001100000001000000110000000000000000
10397	25	1111000011110000111100001111000011110000111100001011000000000000
10398	
10399	
10400	51	1111111111111111111111111111111111111111111111111111111011111110
10401	
10402	
10403	
10404	
10562	0	1000000010000000100000001000000010000000100000001000000010000000
10563	
10564	
10565	
10566	10111	0000000000111110011111110111111101111110011000000000000000000000
10567	
10568	10063	0000000100000001000000010000000100000001000000010000000100000001
10569	10063
10570	10063	1000000010000000100000001000000010000000100000001000000010000000
10571	
10572	
10573	
10574	
10575	10139
10576	
10577	
10578	
10579	
10580	
10581	
10582	
10589	
10590	10078	0000000000000000000000000000000000000000000000000000000011111111
10591	10078,35	2222222200222220000000200000002200000000000000000000000033333333
10592	10078,35	2222222200222222002222222222222200222222002222220002222233333333
10593	
10594	41
10595	41
10596	41	1111111011111110111111101111111111111111111111101111111011111111
10597	
10615	52	0000000100000000000000010000000100000001000000010000000100000001
10616	52
10617	52
10618	52
10619	52
10620	
10629	
10630	
10631	
10632	
10633	
10634	47	0110000001110000000000000000000000000000000000000000011000001110
10635	
10636	
10637	10093	0111011000111111001111010011111101100011011100110111111100111110
10638	10093	0011011011111110111111101011111110111111111100110000000100000000
10639	10093	1111111011111110111111101111111011111111111111111000011100000000
10640	10093	1111111100111111000001000000000000000000000000000000000000000000
10641	
10642	46,10132	0000000100000221000022230000222100000021000000010000000000000000
10643	46	1111111111111111111111111111111111111111111111111111111100111111
10644	46,27	3311111133111111111111111111111111111111111111111111111111111001
10645	46	1111011111111111111111111111111111111111111111111111111111111111
10646	2,25	0000022200000222000113320001113200111113001111330000022200000222
10647	2,25	2221100122211111222111112221111130101010331001103331111022311100
10648	10023,25	2222200023323222233333222333332222220222222200222220000022200001
10649	10147,25	0000000001111101011111130111111311111111111111111111330311110223
10650	20,10147,25	2266200022662222226622222266222206733200217111000111111021111110
10651	25	0000001000000000000000000000000000000000000000000011110000111100
10652	
10653	
10654	
10655	
10656	
10657	
10658	51	0111100001111011011001111111111111111111011111100111111000001110
10659	
10660	
10820	
10821	
10822	
10823	
10824	
10825	10062,10063	2222222200000000000000000000000000000000000000000000000010111111
10826	
10827	
10828	10150,10169	0000000000000000002333300133333001333330002333300000222000000000
10829	
10830	
10831	10139
10832	
10833	10045	1111111011111111111111111111111111111111111111111111111101111111
10834	5	1111111111111111111111110111111101111111011111111111111011101110
10835	5	1111110011111111111111111111111011111110111111110111111101111111
10836	5	0000000000000000000000000000000000000000000000001000000010000000
10837	
10838	
10845	10078	0000000100000001000000010000000100000001000000010000000100000001
10846	10078
10847	10078
10848	10078
10849	10078	1000000010000000100000001000000010000000100000001000000010000000
10850	41	1111111111111111011111110011111100001111000011110000011100000001
10851	41
10852	41	1111111111111110111111001111110011110000110000001100000000000000
10853	
10871	52	0000000100000001000000010000000100000001000000000000000100000000
10872	52
10873	52
10874	52
10875	52
10876	
10885	
10886	
10887	
10888	
10889	
10890	47
10891	
10892	
10893	
10894	10014
10895	10018
10896	
10897	
10898	
10899	46	1111111011111111111111111111111111111111111111111111111111111111
10900	46	1111111111111111111111111111111111111111111111111111111101111111
10901	46,10025	1111100011111000111110001111100010000000000000001111111133333333
10902	46,25	0000022200000222000000220000000200000000000000001100000011000000
10903	2,25	2331000023311000222011003111111011111110011110000111100001111000
10904	2,25	2200011033311111333111103331111001111132011111320000012200000000
10905	10147,25	0111113200011332000021330000233300000011000000110000111100011111
10906	10053,20	0333333103333331013333110113111101111111001111100011110000000000
10907	17,25	1113320011113200111132001113320001113200000000000000000000000000
10908	17	1111111011111110111111101111111011111110111111100111111011111110
10909	25	0000000000000000110000001110000011110000011100000011000000000000
10910	10026	1111111111111111111111111111111111111011111111110111111100000111
10911	10126	0000000000000000001111100011111000111110001111100011111000000000
10912	
10913	
10914	
10915	
10916	
11076	
11077	10005	0000100010111000111111001111110001111111111111110111111100011111
11078	10003	0110001001111110111111111111111111111111111111110111111001111000
11079	10001	0000000000000000000111100001111101111110011111110011111100111111
11080	10062	0000000100000001000000010000000100000001000000010000000100000001
11081	10062
11082	10062	1000000010000000100000001000000010000000100000001000000010000000
11083	
11084	
11085	10081	0111111011111110111111101111111011111110111111101111111011111110
11086	
11087	
11088	10142	0010000001110000011100000000000000000010000011110000111100000010
11089	
11090	
11091	5	0001111101111111111111111111100011111111111111111111111111111111
11092	5	1111111011111111110111110000011111000011111111111111111111111110
11093	
11094	
11101	10078	0000000100000001000000010000000100000001000000010000000100000001
11102	10078
11103	10078,35	3333333333333333333333333333333333333333113333331133333333333133
11104	10078,35	3333333333333333333333333331133333331333333333113333331133333333
11105	10078	1000000010000000100000001000000010000000100000001000000000000000
11106	
11107	
11108	
11109	
11127	
11128	52
11129	52
11130	52
11131	52
11132	
11141	
11142	47	0011101101111111111111111111111111111111111111111111111101111110
11143	47	0110000011100000111000000000000000000000000000000000000000000000
11144	
11145	
11146	47	0111111111111111111111111111111011111111111111111011111100000000
11147	
11149	
11150	10014
11151	10148	1101111101011111011111110110111111111111011111110111111100011111
11152	
11153	10174	0111111111111111111111111111111111111111111111111111111111111111
11154	10174	0000000010000000100000000000000000000000000000000000000000000000
11155	
11156	46,10025	0000001300000013000000130000001300000013000000130000001300000013
11157	46,10025
11158	46,10025,20	3100000035444440354444443100004431444444310000443100004431000044
11159	
11160	20	0000000000000000000000000000000000000000000000000000000000000011
11161	20	0000000000000000000000000000000000000000000000000011000010111111
11162	20	0000000000000000000000000000000000000000000000000000000000011010
11163	
11164	17	1111111001111111011111101111111111111111111111110111111001111100
11165	10152	0110110011111111111111111111111111111111111111101111111100110111
11166	10	0000000000000000000000000000000000000000000000000000000000111111
11167	10,10157	0000000000002200000222220022222200222222022222222220222013000111
11168	
11169	
11170	
11171	
11172	
11332	
11333	
11334	
11335	
11336	
11337	10062,10181	1111111100000000000000000000000000000000000000000000000022222222
11338	
11340	
11341	10080	0000000001111110011111100111111001111110011111100111111000000000
11342	
11343	10134
11344	7	0000000000000000000000000000000000000011000001110000011100000111
11345	7	0000000000000000000000000000000011000000110000001100000011100000
11346	7	0000011100001111011111110111111101111111111111111111111101111111
11347	7	0000000011111100111111101111111011111110111111111111111111111111
11348	5,7	0001111101101111111110001100000010000000110011113111111131111111
11349	5	1111111111111111000111110000011100000011111111111111111111111111
11350	
11353	
11354	
11355	
11356	
11357	10078	0000000100000001000000010000000100000001000000010000000100000001
11358	10078
11359	10078,35	3333313111333333113313331333333313333333133333331333113311111133
11360	10078,35	3333333333333333313313333133333333331333333333333333333333133333
11361	10078	1000000010000000000000000000000010000000100000001000000010000000
11362	
11363	
11364	
11365	
11383	
11384	
11385	
11386	52	1011100100000000000000000000000000000000000000000000000000000000
11387	
11388	
11397	
11398	
11399	
11400	
11401	
11402	
11403	
11405	
11406	
11407	
11408	10086
11409	10086	0000000000000000000000001100000011000000000000000000000000000000
11410	46	0000000000001111000011110000111000011110000011000000000000000000
11411	
11412	46	0000011100111111011111111111111011111110011111110111111100111100
11413	46,10025	3333333311111110111111111111111011111110111111111111110011111100
11414	46	1000000000000011111111111111111101111111001111100001110000000000
11415	10035	0000000000000000000000000000000000000000011100000111000001110000
11416	20	0000111100001111001111110011111111111111111111111111111100111111
11417	20
11418	20	0111111111110111110001111111001111110011111100111111001111110011
11419	20	1111110011111110111111101111111011111110111111101111111111111111
11420	20,22	0000000200000002011000001110000011100000111000001110000011100000
11421	10,22	2222231022222333222233332221133222223322002233020022220000000000
11422	10	1111111111111111111111111111111101111111111111111111111111111111
11423	10
11424	10	1000000010000000100000001000000010000000100000001000000010000000
11425	51	0000000000111100001111100011111100011110000110000000000000000000
11426	
11427	51	0000000000000000000000000011110001111100011111100111111000111110
11428	
11585	0
11586	0	1000000010000000100000001000000010000000100000001000000010000000
11587	
11592	10181	0000000100000001000000010000000100000001000000010000000100000001
11593	10181
11594	10181	1000000010000000100000001000000010000000100000001000000010000000
11595	
11596	
11597	10079	0000000000111000001111000011110000111100001111000011110000000000
11598	
11599	10172	0000000000001100001111000011111000111111000001100000000000000000
11600	7	0000011100000111000001110000111100001111000011110000111100001111
11601	7	1100000011001111000011111000111110001111100001111000011110000011
11602	7	1001111111011111110011111100111100001111110000001100111011101111
11603	7	1111111111111111111111111111111011111110111111101111111011101100
11604	
11605	10144
11606	
11609	
11610	39	0000000000000000000000000111011111111111111111111111111101111111
11611	39	0000000000000000000000001100000011100000111000001100000000000000
11612	
11613	
11614	10078	1111111100000000000000000000000000000000000000000000000000000000
11615	10078	1111111100000000000000000000000000000000000000000000000000000000
11616	10078	1111111100000000000000000000000000000000000000000000000000000000
11617	
11618	
11619	8	0011111011111111011111111111111111111111011111111111101100111110
11620	8	0000000000000000000011101111111011111111001111110001110000000100
11621	
11653	
11654	
11655	
11656	
11657	
11658	
11659	
11661	
11662	10105	0000000000010000011111101111111111111111001111100000000000000000
11663	
11664	
11665	10008	1111110011111100011111000011110011111000111111101111111011111110
11666	10008	1111110011111111111111111101000011000000110000001100000011100000
11667	46	0000011000111111011110111100001010001110011111110011111100001100
11668	10133	0000000011111100111111101111111111111011111111111111111101111000
11669	46,3	0233300000222200002222000022220000222200002222000022220000022000
11670	3,20	0002200200022002000000000020000000000110000011110000111100002111
11671	20	1111111011111111111111111111111111111111111111111111111101111101
11672	20	1111111111011111111111111111111111111111111111111111111111111111
11673	20
11674	20	0011011100000111111001111110111111001111110011110001111100111111
11675	20	1111111001111100000100001000000010000000000000000000000000000000
11676	10156	0000000000000000000001000000111000001110000011100000010000000000
11677	22,26	0000011100000111000011110000111000001100000011000000000200022222
11678	10,22,26	3331111122221111222201110022011100220111000211114000111144001111
11679	10
11680	
11681	
11682	
11683	51	0011111101111111011111110111111101111110011111100011110000000000
11684	
11841	0
11842	0,10031	1000000010000000100220001002200010222200102222001022220010000000
11843	
11844	
11845	
11846	
11847	
11848	
11849	10181	1111111100000000000000000000000000000000000000000000000000000000
11850	10006,40	0330233033333330333333333333333333333333333333333333333303333333
11851	10006,40	0000000000200220333333303333333333333333333333333333333333300000
11852	
11853	
11854	10137	0111100001111110111111111111111111111111111111111101111111111111
11855	10137	1111111011111110111111101111111011111111111111111111111011111110
11856	
11857	
11858	7	0111111001111110001111000000000000000000000000000000000000000000
11859	
11860	
11861	
11862	
11863	
11864	
11865	
11866	39	1111111111111111001111110111111101111111011111110111111101111110
11867	
11868	
11870	
11871	35	0000111100001111000011110000011100000011001111110011111100110010
11872	35	1111111111111111111001110110011111111111111101001111010001111111
11873	
11874	
11875	8	0011111101110111001111100111111001111110001111100011111000111110
11876	8	1101110011111100111110001111110011111000111000000000000000000000
11877	
11909	
11910	
11911	
11912	
11913	
11914	
11915	
11917	
11918	
11919	
11920	
11921	
11922	
11923	
11924	10110	1111111110111111100011111000011110001111100111111000111111111111
11925	3	0001110001111110011111110111111101111111111111111111111111111111
11926	
11927	6	0000000000000000000000000000000000000000000000000000001000000111
11928	20	1110111111101111111011111100111111100111000000000000000000000000
11929	6,20	2222220022000000231111102311111021110000011111101111111111111111
11930	10072	0000000000000000000000000110001101100011011000110000000000000000
11931	
11932	
11933	26	0001111100011111000111110001111100011110000111000000000000000000
11934	22,26	2211110023111111311111111110011133000011330000010002200000222200
11935	10	1100000000000000000000000000000000000000000000000000000000000000
11936	
11937	26	0000000000000000000000000000000000000000000001000000111111111111
11938	26	0000000000000000000000000000000000000000000000001000000010000000
11939	
11940	
12097	0
12098	0	1000000010000000100000001000000010000000100000001000000010000000
12099	
12100	10037
12101	
12102	10055	0011100011111100111111101111111111111111111111100111110011110000
12103	
12105	
12106	10006,40	0233333300333330003333330033333300033333000333320023333300333333
12107	10006,40	3333333033333333333333333333333333333333333333333333333302333330
12108	10007,40	2323333033333333333333333333333233333333333333332333333203333330
12109	10137	0000000000000000000001000000111000011111000111110000111100001110
12110	10137	1111111111111111111111111111111111111111111111111111111111111011
12111	10137	1111111011111111111111111111111011111110111111101111111011110000
12112	
12113	
12114	
12115	10073	0111111001111111111111111111111111111111111111110111111100111110
12116	
12117	10135	0000000001100110011001100000000000000000000011100000111000000100
12118	
12119	16	1111111111111111111111111111111111111110111111111111111111111110
12120	16	1000000010000000000000000000000000000000000000000000000000000000
12121	
12122	39	0111011001111111011111110010000000000000000000000000000000000000
12123	
12124	
12126	
12127	35	0011001000111111001100110111111101111011011110110111001100000011
12128	35	0111111111111111111101111111111111111111111111111111111111011111
12129	
12130	
12131	
12132	
12133	
12165	
12166	
12167	
12168	
12169	
12170	
12171	
12176	
12177	
12178	46	0000000000001000000111000001111100011111001111110011100000110000
12179	
12180	10159	0000000000000000000000000000000000000000000000000000000000111000
12181	3,12	0110111111111111111111111111111111111111111111111111111113333332
12182	3	0000000000011111000111110001111000011111001111110001111100000000
12183	6	0000011100001111000011110000011100000111000001110000000100000000
12184	6	1110000011100100111101111111111111111111111111111111111100001111
12185	6	1111111111111111111111111111111111111111111111100001011000000000
12186	
12187	10124
12188	
12189	
12190	26	1111110011111100111110000000000000000000000000000000000000000000
12191	
12192	26	1110000111110001111100011111000111111101111111111111111111111101
12193	26	1111011111111111111111111111111111111111111111111001111111111110
12194	26	1000000010000000100000001000000000000000000000000000000000000000
12195	
12355	
12356	
12357	
12358	
12359	
12360	
12361	
12362	10006,40	3333333333333333333333333333333233333333333333333333333303333200
12363	10006,40	3330000033322330333333303333333333333333333333332333333000000000
12364	
12365	
12366	
12367	
12368	
12369	
12370	21
12371	
12372	
12373	
12374	
12375	
12376	
12377	
12378	
12379	
12380	
12381	29	0000000000000000000000000000000000000000000000000000000011111111
12382	29	0000000000000000000000000000000000000000000000000000000011111111
12383	29	0000000000000000000000000000000000000000000000000000000011111111
12384	29	0000000000000000000000000000000000000000000000000000000011111111
12385	
12421	
12422	
12423	
12424	
12425	
12426	47	0000000000011110000111100111111001111110011111100011111000011110
12427	
12429	
12430	
12431	
12432	
12433	10054
12434	46	0000010000011110000111100000000000000000000000000000000000000000
12435	
12436	10159	0011110000111110001111100001111000011111000011110000000000000000
12437	3,12	0333333200222222000222000022220002222200022222000222200000000000
12438	12	0000000000000000000000000000000000000100000011110000111100000000
12439	6,12	3331111133311111333331113333331133333311333333113333331133333311
12440	12	1111111111111111111111111111111011111110111111101111111011111110
12441	12	1100000011110000111111101111111011011111000111110001111100001111
12442	12	0011111000111110111111111111111110111111111111111111111111111111
12443	12	0001110001111111011111110111110011111100111111111111111111111010
12444	12	0000000000000000000000000000000000000000111000001110000011000000
12445	
12446	
12447	
12448	26	0110000000000000011110001111110011111100111111001111110011111000
12449	26	1111111100111111001110110000011100000111000001110000011100000000
12450	26	1000000010000000100000000000000000000000000000000000000000000000
12451	
12480	
12481	
12482	
12483	
12484	
12614	
12615	24	0110001111101111111111101111111111011111111110111111101111111000
12616	24	0000000000000000000000000000000011110000111100001111000001000000
12617	
12618	
12619	10050
12620	
12621	
12624	
12625	10158	0000011000001111001111110011111011111100111111001111000000000000
12626	
12627	
12636	29	0000000100000001000000010000000100000001000000010000000100000001
12637	29
12638	29
12639	29
12640	29
12641	29	1000000010000000100000001000000010000000100000001000000010000000
12677	
12678	
12679	
12680	
12681	
12682	47	0000000000000000000000000000111000001110000111100000111000000000
12683	
12685	
12686	
12687	
12688	
12689	
12690	42	0000000000000000000000000000000000000001000000010000000100000001
12691	42	0000000000000000000000000000000011111000111111001111111011111110
12692	42	0000000000000000000000000000000011111100111111101111111111111111
12693	12	0000110011111110111111111111111111111111111111111111111001111110
12694	12	0111001101110111111111111111111001111111111111111111100000000000
12695	6,12	0000000000000020000222222222222222222200022200000000001000000010
12696	12	0000000001111100011111100111111001111110011111100111110000011000
12697	12	0000000000011100001111000001110000000000000000000001110000011100
12698	12
12699	12	1111000010000000000000000000000000000000000000000000000000000000
12700	
12701	26	0000000000000001000000110000000100000001000000000001001111110011
12702	26	0000000011000000110011111100111111111111111111111111111111111111
12703	26	0000000000011100111111001111110011111100111111101111111011110110
12704	
12705	
12706	
12707	
12736	
12737	34	0000000000000000000000000000000000000010000001110000011100000011
12738	34	0000000000000000111011001111111111111111110111111101111111011111
12739	
12740	
12870	
12871	24	0000000000000000000000000000000010111111111111111111111111111111
12872	
12873	
12874	
12875	
12876	
12880	
12881	
12882	
12891	
12892	29	0000000100000001000000010000000100000001000000010000000100000001
12893	29
12894	29
12895	29
12896	29
12897	29	1000000010000000100000001000000010000000100000001000000010000000
12933	
12934	
12935	
12936	
12937	
12938	
12939	
12941	
12942	
12943	
12944	
12945	10082	1111111011111110111111101111111011111110111111101111111111111111
12946	42,10141	2222222322222223222222232222222222222222222222222222202222222222
12947	42	1111111011111110111111101111110000000000000000000000000000000000
12948	42,12,10146	1111111113771177137771770377717700660066002666620006666000000660
12949	12	0111111101111111111111111111111111111110001111100011111000011110
12950	12	0111000001110000111100001000000000000001000000010000000000000000
12951	6,12	0022211000222310003333100222220022222200220220000000000000000000
12952	12	0000000000000000000000000000000000001111000011110000111100000000
12953	12	0000000000000000000000001100000111000001110000000000000000000001
12954	12
12955	10027,12	1111100011111000111110001111100011111000310000003100000031000000
12956	
12957	26	1111111111111111111111110111111101111111000111110000001100000000
12958	26	1111111111111111111111111111101111111111111111111111111100011111
12959	26	1111111001111110111111001111111011111111111111111111111011111100
12960	
12961	26	0000000000000000000111100011111000111110000111100001110000000000
12962	
12963	
12992	
12993	34	0111011111111111111111111111111111101111001111010111111101111111
12994	34	1110111011111111111111111111111111111111111111111111111111011111
12995	10183,34	0000000000001111022231110222111100001111000011110000111100000000
12996	10183	0000000000000000000000001000000010000000000000000000000000000000
13126	
13127	24	1111111111111111111111111111111100000000000000000000000000000000
13128	10178
13129	
13147	
13148	29	0000000100000001000000010000000100000001000000010000000100000001
13149	29
13150	29
13151	29
13152	29
13153	29	1000000010000000100000001000000010000000100000001000000010000000
13189	
13190	
13191	
13192	
13193	
13194	47	0000000000111000011111000111110001111100011111000111100000000000
13195	
13197	
13198	
13199	10092	0000000000111110001111100011111000111110001111100011111000000000
13200	
13201	
13202	10141	0110111111111111111111111111111111111111111111111111111111111111
13203	10041
13204	42	0000000000000000000000000000000000000000000000000000000011100000
13205	12	0000000000000000000000000000000000000000000000000000000100000001
13206	12	0000000000000000000000000000000000000110111111101111111011111110
13207	
13208	
13209	
13210	12	1111111111111111111111111111111111111111111111110001111100000000
13211	
13212	
13213	26	0000000000010000001110000001100000111100001111000011110000000000
13214	
13215	26	0000000000000000011110000111100001111000001110000000000000000000
13216	
13217	
13218	
13219	
13248	
13249	34	0000000000000000000011100011111000111110001111000000000000000000
13250	34	0000100000111110001111110011111100111110000010000000000000000000
13251	
13252	
13382	
13383	24
13384	
13385	
13401	
13402	36	0000000000000000000000000000000000000000000000000000000011111111
13403	36	0000000000000000000000000000000000000000000000000000000011111111
13404	29	0000000100000001000000010000000100000001000000010000000100000001
13405	29
13406	29
13407	29
13408	29
13409	29	1000000010000000100000001000000010000000000000001000000010000000
13445	
13446	
13447	
13448	
13449	
13450	
13451	
13453	
13454	42	0000000000010000001111000111111001111100001110000001000000000000
13455	
13456	42	0000000000000000000000000000000000011000000110000001100000011000
13457	10070	0000000000000000000000000000000000111100001111000011110000000000
13458	
13459	42	0000000100000001000000010000000100000001000000010000000100000001
13460	42
13461	42,10175	1000222013222220332222222322222233222222332222203320220011000000
13462	10104	0000000000111111001111110011111100111111001111110011111100111111
13463	10104
13464	10042	0000000000000000001110000011100001101100011111000111101101111111
13465	
13466	14	0000000000000000000000000000000000000000000000000000011000111110
13467	
13468	26	0000000000000000000000000000000000000000000000000000000100000001
13469	26	1111111111111111111111111111111101111111111111111111111111111101
13470	26	1111111111111111111111111111111011111110111111101111000011110000
13471	
13472	26	0011111001111110111101111111111111111111111101110111111100111110
13473	26	0000000001111000111111001111110011111100111111000011100000000000
13474	
13475	
13504	
13505	
13506	
13507	
13508	
13638	
13639	
13640	
13641	
13657	36	0000000100000001000000010000000100000001000000010000000100000001
13658	36
13659	36
13660	36	1000000010000000100000001000000010000000100000001000000010000000
13661	29	1111111100000000000000000000000000000000000000000000000000000000
13662	38,29	2222222200000000000000000000000000000000000000000000000011111111
13663	38,29	0222222200000000000000000000000000000000000000000000000011111111
13664	38,29	2222222200000000000000000000000000000000000000000000000011111111
13665	
13709	
13710	
13711	
13712	42	0001100000000000000000000000000000000000000000000000000000000000
13713	
13714	
13715	
13716	42	1111111111111111011111100000001000000000000000000000000000000000
13717	10040,42	0000000000000000000011000001110000011002000102220000022200002222
13718	10000,42	0001100000111110011111100111111121111111211111112001111020000000
13719	
13720	
13721	10117	0000000001110000011100000001000000000000000100000001110000011100
13722	14,10125	0011112200133222001332200013320000133200000222000002220000000000
13723	14	0100011011111111111111110111111001111110111111111111111101000110
13724	
13725	26	0111100001111111011111111111111111111111111111110111111101111110
13726	26	1111100011111100111110001111111011111110111111001110100011100000
13727	26	0000000000111000111111001110111011101100011111000011000000000000
13728	
13729	
13730	
13731	
13913	36	0000000100000001000000010000000100000001000000010000000100000001
13914	36
13915	36
13916	36	1000000010000000100000001000000010000000100000001000000010000000
13917	38	0000000100000001000000010000000100000001000000010000000100000001
13918	38
13919	38
13920	38
13921	
13965	
13966	
13967	
13968	
13969	
13970	
13971	
13972	
13973	42,14	0000111100001111000001110000022200000222000002220000000000000000
13974	42,14,10116	1100022211000222100002220044422200444222004442220000022200000222
13975	14	1111100011111000111110001111110011111100111111001111100011111000
13976	
13977	14,10117	0022000022220333222033330013333333333030333313300330333000203330
13978	14,10117	0000000000000000000000000000000022200000220000002200000033111111
13979	14	0000000011111000111111001111110011111100111111111111111111111111
13980	
13981	
13982	
13983	
13984	
13985	
13986	
13987	
13988	
14169	
14170	36	1111111100000000000000000000000000000000000000000000000000000000
14171	36	1111111100000000000000000000000000000000000000000000000000000000
14172	
14173	38	0000000100000001000000010000000100000001000000010000000100000001
14174	38
14175	38
14176	38
14177	
14221	
14222	
14223	
14224	
14225	
14226	
14227	
14228	
14229	
14230	
14231	10021	0111111011111111111111111111111111111111111111111111111101111110
14232	10106,14	0000110022211111221111112231111133111111111111111111111011321000
14233	10106,14	0011000210010002110110021110100211111002111100020100000200000002
14234	14
14235	14	1111111111111111111111111111111011111110111111101111111011111100
14236	
14237	
14238	
14239	
14240	
14241	
14242	10100	0000000000000000000101100011111100111111000000000000000000000000
14243	10101	0000000000000000001101100111111000111110000000000000000000000000
14244	
14429	38	0000000100000001000000010000000100000001000000010000000100000001
14430	38
14431	38
14432	38
14433	
14484	
14485	
14486	10118	0110000001100000011000000001000000111100001111100111110000011000
14487	10106	0000000011100000011111110111101101000000011110000011100000100000
14488	10106	1110110011111100111111101111111011111110111100000100000000000000
14489	14	0000000000000000000000000111100011111000111111001111110001111000
14490	14	1111111100000000000000000000000000000000000000000000000000000000
14491	
14492	
14493	
14494	
14495	30	0111111111111111111111111111111111111111111111111111111100111111
14496	30
14497	
14498	
14499	
14500	
14685	
14686	
14687	
14688	
14689	
14737	
14738	
14739	
14740	
14741	
14742	
14743	14	0000000000000000000000000000000000000000000000000000000000000110
14744	10038	0000000001110000011111100111111011111110111110000011100000000000
14745	14	0011001000111111111111111111111111111111001111110011111100111111
14746	14	0000000011011000111111001111111011111110111111001100000010000000
14747	
14748	
14749	
14750	
14751	
14752	
14753	
14991	
14992	
14993	
14994	15	1110000011111111111111111111111100011111000111110000001100000011
14995	15	1111100011111111111111111111111111111111111111111111111111111111
14996	
14997	
14998	
14999	14	0000111000001111000011110000111100000110000001100000011100001111
15000	14	1101000011111111111111110111111101111111011111111111111111111111
15001	14	0000000000000000000000000000000000000000000000001100000011000000
15002	14	1110000011100000000000000000000000000000000000000000000000000000
15003	
15004	
15005	
15006	
15007	
15008	30	1111011011111110111111111111111111111111111111111111111111111111
15009	
15247	
15248	10077	1100100011001100000111000001110000001100000011000000110000001000
15249	
15250	
15251	15	0111111111111111111111111111111111111111111111111111111111111111
15252	
15253	
15254	
15255	14	0000111100001111000111110001111100011111000111110001111100001111
15256	14
15257	14	1100000011100000111100001111110011111100111010001110000011100000
15258	
15259	
15260	
15261	
15262	30
15263	30	1111100011111110111111101111111011111110111111101111110011111000
15264	30	1111111111111111111111111111111111111111111111111111111011111110
15265	
15503	
15504	
15505	
15506	
15507	
15508	
15509	
15510	
15511	14	0000011100000111111111001111110011100000110001111011111100111011
15512	14	1111111111111111011111110001111100111111111111111111111111100000
15513	14	1110000011100000110000001100000010000000000000000000000000000000
15514	
15515	10120	0000000000000000001111000011110000111100001111000000000000000000
15516	
15517	
15518	
15519	30	0000000000000000000000000000000000000000000000000001111101111111
15520	
15521	
15764	
15765	
15766	
15767	
15768	
15769	
15770	
15771	
15772	
15773	
15774	
15775	30	0111111100011111000000000000000000000000000000000000000000000000
15776	
15777	
16029	
16030	
16031	
16032	
16033	
