# Location	Name	Level	Note	Destination
# From RuneLite runelite-parent-1.12.39 AgilityCourseLocation.java, BSD 2-Clause
3347 2827 0	Agility Pyramid			
3272 3195 0	Al Kharid Rooftop Course			
2752 2742 0	Ape Atoll Agility Course			
2673 3298 0	Ardougne Rooftop Course			
2544 3569 0	Barbarian Outpost Agility Course			
2806 3193 0	Brimhaven Agility Arena			
3506 3490 0	Canifis Rooftop Course			
1649 2930 0	Colossal Wyrm Course			
3103 3279 0	Draynor Village Rooftop Course			
3035 3342 0	Falador Rooftop Course			
2474 3436 0	Gnome Stronghold Agility Course			
2638 4041 0	Penguin Agility Course			
3350 2963 0	Pollnivneach Rooftop Course			
3253 6109 0	Prifddinas Agility Course			
2624 3677 0	Rellekka Rooftop Course			
2728 3488 0	Seers' Village Rooftop Course			
1551 3632 0	Shayzien Agility Course			
3219 3414 0	Varrock Rooftop Course			
3542 3463 0	Werewolf Agility Course			
2997 3916 0	Wilderness Agility Course			
