# Location	Kind	Name	Level	Details
# From RuneLite runelite-parent-1.12.39 (HunterAreaLocation, FishingSpotLocation, FishingSpot, MiningSiteLocation, RareTreeLocation), BSD 2-Clause; fish and ore levels added from the game
1357 2977 0	hunter	Hunter: Copper longtail	9	Copper longtail (9)
1342 2934 0	hunter	Hunter: Ruby harvest	15	Ruby harvest (15)
1387 3392 0	hunter	Hunter: Wild kebbit, Ruby harvest	15	Wild kebbit (23); Ruby harvest (15)
1349 3346 0	hunter	Hunter: Copper longtail	9	Copper longtail (9)
1616 2999 0	hunter	Hunter: Pyre Fox	57	Pyre Fox (57)
1745 3008 0	hunter	Hunter: Sunlight Antelope	72	Sunlight Antelope (72)
3294 3673 0	hunter	Hunter: Black salamander	67	Black salamander (67)
3553 3438 0	hunter	Hunter: Swamp lizard	29	Swamp lizard (29)
3535 3445 0	hunter	Hunter: Swamp lizard	29	Swamp lizard (29)
2644 2401 0	hunter	Hunter: Red salamander	59	Red salamander (59)
2379 3599 0	hunter	Hunter: Spotted kebbit, Dark kebbit, Dashing kebbit	43	Spotted kebbit (43); Dark kebbit (57); Dashing kebbit (69)
2557 2912 0	hunter	Hunter: Crimson swift, Feldip Weasel, Tropical wagtail, Spined larupia, Barb-tailed kebbit, Black warlock, Carnivorous chinchompa	1	Crimson swift (1); Feldip Weasel (7); Tropical wagtail (19); Spined larupia (31); Barb-tailed kebbit (33); Black warlock (45); Carnivorous chinchompa (63)
3693 3800 0	hunter	Hunter: Herbiboar	80	Herbiboar (80)
3701 3809 0	hunter	Hunter: Herbiboar	80	Herbiboar (80)
3703 3829 0	hunter	Hunter: Herbiboar	80	Herbiboar (80)
3749 3850 0	hunter	Hunter: Herbiboar	80	Herbiboar (80)
3684 3870 0	hunter	Hunter: Herbiboar	80	Herbiboar (80)
3743 10295 0	hunter	Hunter: Fish shoal	44	Fish shoal (44)
2269 3408 0	hunter	Hunter: Carnivorous chinchompa	63	Carnivorous chinchompa (63)
3293 6160 0	hunter	Hunter: Carnivorous chinchompa	63	Carnivorous chinchompa (63)
2207 2964 0	hunter	Hunter: Copper longtail	9	Copper longtail (9)
2127 2950 0	hunter	Hunter: Chinchompa	53	Chinchompa (53)
2158 2822 0	hunter	Hunter: Crimson swift	1	Crimson swift (1)
1559 9420 0	hunter	Hunter: Moonlight Antelope	91	Moonlight Antelope (91)
1556 3091 0	hunter	Hunter: Sunlight Moth	65	Sunlight Moth (65)
1575 3020 0	hunter	Hunter: Sunlight Moth	65	Sunlight Moth (65)
1515 3047 0	hunter	Hunter: Embertailed Jerboa	39	Embertailed Jerboa (39)
2786 3001 0	hunter	Hunter: Horned graahk	41	Horned graahk (41)
1184 3595 0	hunter	Hunter: Crimson swift	1	Crimson swift (1)
1512 3478 0	hunter	Hunter: Ruby harvest	15	Ruby harvest (15)
1481 3504 0	hunter	Hunter: Chinchompa	53	Chinchompa (53)
1556 3436 0	hunter	Hunter: Copper longtail	9	Copper longtail (9)
1671 3001 0	hunter	Hunter: Embertailed Jerboa	39	Embertailed Jerboa (39)
1363 3632 0	hunter	Hunter: Bluegill, Common tench, Mottled eel, Greater siren	35	Bluegill (35); Common tench (51); Mottled eel (68); Greater siren (87)
1443 3235 0	hunter	Hunter: Cerulean twitch, Snowy knight, Sapphire glacialis	11	Cerulean twitch (11); Snowy knight (35); Sapphire glacialis (25)
3285 2739 0	hunter	Hunter: Orange salamander	47	Orange salamander (47)
2447 3219 0	hunter	Hunter: Red salamander	59	Red salamander (59)
2475 3240 0	hunter	Hunter: Red salamander	59	Red salamander (59)
2335 3584 0	hunter	Hunter: Common kebbit, Copper longtail, Ruby harvest, Wild kebbit, Ferret, White rabbit, Prickly kebbit, Razor-backed kebbit, Chinchompa	3	Common kebbit (3); Copper longtail (9); Ruby harvest (15); Wild kebbit (23); Ferret (27); White rabbit (27); Prickly kebbit (37); Razor-backed kebbit (49); Chinchompa (53)
1840 3802 0	hunter	Hunter: Sandworms	15	Sandworms (15)
1475 3096 0	hunter	Hunter: Tecu Salamander	79	Tecu Salamander (79)
2719 3780 0	hunter	Hunter: Polar kebbit, Cerulean twitch, Sapphire glacialis, Snowy knight, Sabre-toothed kebbit, Sabre-toothed kyatt	1	Polar kebbit (1); Cerulean twitch (11); Sapphire glacialis (25); Snowy knight (35); Sabre-toothed kebbit (51); Sabre-toothed kyatt (55)
3677 3405 0	hunter	Hunter: Swamp lizard	29	Swamp lizard (29)
1372 3135 0	hunter	Hunter: Crimson swift	1	Crimson swift (1)
1315 3169 0	hunter	Hunter: Carnivorous chinchompa	63	Carnivorous chinchompa (63)
1269 3102 0	hunter	Hunter: Tropical wagtail	19	Tropical wagtail (19)
1282 3021 0	hunter	Hunter: Black warlock	45	Black warlock (45)
3401 3104 0	hunter	Hunter: Golden warbler, Desert devil, Orange salamander	5	Golden warbler (5); Desert devil (13); Orange salamander (47)
2564 7772 0	hunter	Hunter: Letvek	76	Letvek (76)
2540 7766 0	hunter	Hunter: Letvek	76	Letvek (76)
2653 7845 0	hunter	Hunter: Stymphike	82	Stymphike (82)
3142 3771 0	hunter	Hunter: Black chinchompa	73	Black chinchompa (73)
2571 2195 0	hunter	Hunter: Wyrmscraig goat	60	Wyrmscraig goat (60)
1372 2985 0	fishing	Fishing: Shrimp, Anchovies, Sardine, Herring	1	Shrimp (1); Anchovies (15); Sardine (5); Herring (10)
1313 2963 0	fishing	Fishing: Shrimp, Anchovies, Sardine, Herring	1	Shrimp (1); Anchovies (15); Sardine (5); Herring (10)
3274 3140 0	fishing	Fishing: Shrimp, Anchovies, Sardine, Herring	1	Shrimp (1); Anchovies (15); Sardine (5); Herring (10)
3266 3148 0	fishing	Fishing: Shrimp, Anchovies, Sardine, Herring	1	Shrimp (1); Anchovies (15); Sardine (5); Herring (10)
2475 2696 0	fishing	Fishing: Shark, Bass	46	Shark (76); Bass (46)
2464 2712 0	fishing	Fishing: Lobster, Swordfish, Tuna	35	Lobster (40); Swordfish (50); Tuna (35)
2465 2702 0	fishing	Fishing: Lobster, Swordfish, Tuna	35	Lobster (40); Swordfish (50); Tuna (35)
2698 2703 0	fishing	Fishing: Shark, Bass	46	Shark (76); Bass (46)
1774 2993 0	fishing	Fishing: Shrimp, Anchovies, Sardine, Herring	1	Shrimp (1); Anchovies (15); Sardine (5); Herring (10)
1769 2966 0	fishing	Fishing: Shark, Bass	46	Shark (76); Bass (46)
1573 2954 0	fishing	Fishing: Shark, Bass	46	Shark (76); Bass (46)
1579 2963 0	fishing	Fishing: Shark, Bass, Lobster, Swordfish, Tuna	35	Shark (76); Bass (46); Lobster (40); Swordfish (50); Tuna (35)
1585 2951 0	fishing	Fishing: Shark, Bass, Lobster, Swordfish, Tuna	35	Shark (76); Bass (46); Lobster (40); Swordfish (50); Tuna (35)
1393 3313 0	fishing	Fishing: Salmon, Trout, Pike	20	Salmon (30); Trout (20); Pike (25)
1396 3304 0	fishing	Fishing: Salmon, Trout, Pike	20	Salmon (30); Trout (20); Pike (25)
1458 3330 0	fishing	Fishing: Salmon, Trout, Pike	20	Salmon (30); Trout (20); Pike (25)
2497 3548 0	fishing	Fishing: Shrimp, Anchovies, Sardine, Herring	1	Shrimp (1); Anchovies (15); Sardine (5); Herring (10)
2509 3562 0	fishing	Fishing: Shrimp, Anchovies, Sardine, Herring	1	Shrimp (1); Anchovies (15); Sardine (5); Herring (10)
2514 3575 0	fishing	Fishing: Shrimp, Anchovies, Sardine, Herring	1	Shrimp (1); Anchovies (15); Sardine (5); Herring (10)
3103 3424 0	fishing	Fishing: Salmon, Trout, Pike	20	Salmon (30); Trout (20); Pike (25)
3109 3433 0	fishing	Fishing: Salmon, Trout, Pike	20	Salmon (30); Trout (20); Pike (25)
3098 3194 0	fishing	Fishing: Shrimp, Anchovies, Sardine, Herring	1	Shrimp (1); Anchovies (15); Sardine (5); Herring (10)
2112 5074 0	fishing	Fishing: Sluglings		Sluglings
2161 5061 0	fishing	Fishing: Sluglings		Sluglings
2172 5074 0	fishing	Fishing: Sluglings		Sluglings
2767 3165 0	fishing	Fishing: Karambwan	65	Karambwan (65)
2076 3674 0	fishing	Fishing: Squid		Squid
3472 3192 0	fishing	Fishing: Shark, Bass	46	Shark (76); Bass (46)
3486 3182 0	fishing	Fishing: Shark, Bass	46	Shark (76); Bass (46)
3497 3174 0	fishing	Fishing: Shark, Bass	46	Shark (76); Bass (46)
3513 3177 0	fishing	Fishing: Shark, Bass	46	Shark (76); Bass (46)
3528 3164 0	fishing	Fishing: Shark, Bass	46	Shark (76); Bass (46)
3537 3177 0	fishing	Fishing: Shark, Bass	46	Shark (76); Bass (46)
3545 3179 0	fishing	Fishing: Shark, Bass	46	Shark (76); Bass (46)
3553 3177 0	fishing	Fishing: Shark, Bass	46	Shark (76); Bass (46)
3559 3173 0	fishing	Fishing: Shark, Bass	46	Shark (76); Bass (46)
3564 3174 0	fishing	Fishing: Shark, Bass	46	Shark (76); Bass (46)
2836 3431 0	fishing	Fishing: Shark, Bass, Lobster, Swordfish, Tuna, Shrimp, Anchovies, Sardine, Herring	1	Shark (76); Bass (46); Lobster (40); Swordfish (50); Tuna (35); Shrimp (1); Anchovies (15); Sardine (5); Herring (10)
2844 3429 0	fishing	Fishing: Shark, Bass, Lobster, Swordfish, Tuna, Shrimp, Anchovies, Sardine, Herring	1	Shark (76); Bass (46); Lobster (40); Swordfish (50); Tuna (35); Shrimp (1); Anchovies (15); Sardine (5); Herring (10)
2853 3423 0	fishing	Fishing: Shark, Bass, Lobster, Swordfish, Tuna, Shrimp, Anchovies, Sardine, Herring	1	Shark (76); Bass (46); Lobster (40); Swordfish (50); Tuna (35); Shrimp (1); Anchovies (15); Sardine (5); Herring (10)
2859 3426 0	fishing	Fishing: Shark, Bass, Lobster, Swordfish, Tuna, Shrimp, Anchovies, Sardine, Herring	1	Shark (76); Bass (46); Lobster (40); Swordfish (50); Tuna (35); Shrimp (1); Anchovies (15); Sardine (5); Herring (10)
2827 3414 0	fishing	Fishing: Lobster, Swordfish, Tuna	35	Lobster (40); Swordfish (50); Tuna (35)
2921 5808 0	fishing	Fishing: Slimy eel, Cave eel	28	Slimy eel (28); Cave eel (38)
2927 5778 0	fishing	Fishing: Guppy, Cavefish, Tetra, Catfish, Barronite shards, Barronite handle		Guppy; Cavefish; Tetra; Catfish; Barronite shards; Barronite handle
2921 5787 0	fishing	Fishing: Guppy, Cavefish, Tetra, Catfish, Barronite shards, Barronite handle		Guppy; Cavefish; Tetra; Catfish; Barronite shards; Barronite handle
2788 8781 0	fishing	Fishing: Lava eel	53	Lava eel (53)
1888 3436 0	fishing	Fishing: Shark, Bass	46	Shark (76); Bass (46)
1737 3101 0	fishing	Fishing: House Keys		House Keys
1290 3382 0	fishing	Fishing: Salmon, Trout, Pike	20	Salmon (30); Trout (20); Pike (25)
1260 3408 0	fishing	Fishing: Salmon, Trout, Pike	20	Salmon (30); Trout (20); Pike (25)
1250 3400 0	fishing	Fishing: Salmon, Trout, Pike	20	Salmon (30); Trout (20); Pike (25)
3051 2633 0	fishing	Fishing: Shark, Bass	46	Shark (76); Bass (46)
3084 3228 0	fishing	Fishing: Shrimp, Anchovies, Sardine, Herring	1	Shrimp (1); Anchovies (15); Sardine (5); Herring (10)
2130 3544 0	fishing	Fishing: Lobster, Swordfish, Tuna	35	Lobster (40); Swordfish (50); Tuna (35)
2136 3537 0	fishing	Fishing: Lobster, Swordfish, Tuna	35	Lobster (40); Swordfish (50); Tuna (35)
2155 3551 0	fishing	Fishing: Shark, Bass	46	Shark (76); Bass (46)
2158 3541 0	fishing	Fishing: Shark, Bass	46	Shark (76); Bass (46)
2841 3356 0	fishing	Fishing: Salmon, Trout, Pike	20	Salmon (30); Trout (20); Pike (25)
2842 3359 0	fishing	Fishing: Salmon, Trout, Pike	20	Salmon (30); Trout (20); Pike (25)
2847 3361 0	fishing	Fishing: Salmon, Trout, Pike	20	Salmon (30); Trout (20); Pike (25)
2875 3331 0	fishing	Fishing: Shrimp, Anchovies, Sardine, Herring	1	Shrimp (1); Anchovies (15); Sardine (5); Herring (10)
2878 3334 0	fishing	Fishing: Shrimp, Anchovies, Sardine, Herring	1	Shrimp (1); Anchovies (15); Sardine (5); Herring (10)
2878 3339 0	fishing	Fishing: Shrimp, Anchovies, Sardine, Herring	1	Shrimp (1); Anchovies (15); Sardine (5); Herring (10)
2875 3342 0	fishing	Fishing: Shrimp, Anchovies, Sardine, Herring	1	Shrimp (1); Anchovies (15); Sardine (5); Herring (10)
2577 3854 0	fishing	Fishing: Lobster	40	Lobster (40)
2806 3014 0	fishing	Fishing: Karambwanji, Shrimp	1	Karambwanji (5); Shrimp (1)
2898 3119 0	fishing	Fishing: Karambwan	65	Karambwan (65)
2911 3119 0	fishing	Fishing: Karambwan	65	Karambwan (65)
1269 3707 0	fishing	Fishing: Salmon, Trout, Pike	20	Salmon (30); Trout (20); Pike (25)
1209 3687 0	fishing	Fishing: Shark, Bass	46	Shark (76); Bass (46)
1221 3714 0	fishing	Fishing: Shark, Bass	46	Shark (76); Bass (46)
1199 3736 0	fishing	Fishing: Shark, Bass	46	Shark (76); Bass (46)
1208 3749 0	fishing	Fishing: Shark, Bass	46	Shark (76); Bass (46)
2511 2838 0	fishing	Fishing: Shrimp, Anchovies, Sardine, Herring	1	Shrimp (1); Anchovies (15); Sardine (5); Herring (10)
2626 3415 0	fishing	Fishing: Giant carp		Giant carp
2631 3425 0	fishing	Fishing: Giant carp		Giant carp
2629 3435 0	fishing	Fishing: Giant carp		Giant carp
2636 3444 0	fishing	Fishing: Giant carp		Giant carp
2604 3423 0	fishing	Fishing: Shark, Bass, Lobster, Swordfish, Tuna	35	Shark (76); Bass (46); Lobster (40); Swordfish (50); Tuna (35)
2605 3417 0	fishing	Fishing: Shark, Bass, Lobster, Swordfish, Tuna	35	Shark (76); Bass (46); Lobster (40); Swordfish (50); Tuna (35)
2611 3413 0	fishing	Fishing: Shark, Bass, Lobster, Swordfish, Tuna	35	Shark (76); Bass (46); Lobster (40); Swordfish (50); Tuna (35)
2609 3444 0	fishing	Fishing: Minnow	82	Minnow (82)
2617 3444 0	fishing	Fishing: Minnow	82	Minnow (82)
2788 3273 0	fishing	Fishing: Shrimp, Anchovies, Sardine, Herring	1	Shrimp (1); Anchovies (15); Sardine (5); Herring (10)
2794 3279 0	fishing	Fishing: Shrimp, Anchovies, Sardine, Herring	1	Shrimp (1); Anchovies (15); Sardine (5); Herring (10)
2793 3283 0	fishing	Fishing: Shrimp, Anchovies, Sardine, Herring	1	Shrimp (1); Anchovies (15); Sardine (5); Herring (10)
2343 3719 0	fishing	Fishing: Monkfish	62	Monkfish (62)
3194 2437 0	fishing	Fishing: Salmon, Trout, Pike	20	Salmon (30); Trout (20); Pike (25)
3210 2425 0	fishing	Fishing: Salmon, Trout, Pike	20	Salmon (30); Trout (20); Pike (25)
3155 2537 0	fishing	Fishing: Lobster, Swordfish, Tuna	35	Lobster (40); Swordfish (50); Tuna (35)
3168 2541 0	fishing	Fishing: Lobster, Swordfish, Tuna	35	Lobster (40); Swordfish (50); Tuna (35)
3257 2494 0	fishing	Fishing: Shark, Bass	46	Shark (76); Bass (46)
3259 2480 0	fishing	Fishing: Shark, Bass	46	Shark (76); Bass (46)
3168 2386 0	fishing	Fishing: Shark, Bass	46	Shark (76); Bass (46)
3190 2376 0	fishing	Fishing: Shark, Bass	46	Shark (76); Bass (46)
3264 2425 0	fishing	Fishing: Lobster, Swordfish, Tuna	35	Lobster (40); Swordfish (50); Tuna (35)
3268 2411 0	fishing	Fishing: Lobster, Swordfish, Tuna	35	Lobster (40); Swordfish (50); Tuna (35)
1886 3764 0	fishing	Fishing: Anglerfish	82	Anglerfish (82)
1715 3612 0	fishing	Fishing: Salmon, Trout, Pike	20	Salmon (30); Trout (20); Pike (25)
1817 3603 0	fishing	Fishing: Shark, Bass, Lobster, Swordfish, Tuna, Shrimp, Anchovies, Sardine, Herring	1	Shark (76); Bass (46); Lobster (40); Swordfish (50); Tuna (35); Shrimp (1); Anchovies (15); Sardine (5); Herring (10)
1827 3605 0	fishing	Fishing: Shark, Bass, Lobster, Swordfish, Tuna, Shrimp, Anchovies, Sardine, Herring	1	Shark (76); Bass (46); Lobster (40); Swordfish (50); Tuna (35); Shrimp (1); Anchovies (15); Sardine (5); Herring (10)
1828 3614 0	fishing	Fishing: Shark, Bass, Lobster, Swordfish, Tuna, Shrimp, Anchovies, Sardine, Herring	1	Shark (76); Bass (46); Lobster (40); Swordfish (50); Tuna (35); Shrimp (1); Anchovies (15); Sardine (5); Herring (10)
1840 3619 0	fishing	Fishing: Shark, Bass, Lobster, Swordfish, Tuna, Shrimp, Anchovies, Sardine, Herring	1	Shark (76); Bass (46); Lobster (40); Swordfish (50); Tuna (35); Shrimp (1); Anchovies (15); Sardine (5); Herring (10)
1838 3595 0	fishing	Fishing: Shark, Bass, Lobster, Swordfish, Tuna, Shrimp, Anchovies, Sardine, Herring	1	Shark (76); Bass (46); Lobster (40); Swordfish (50); Tuna (35); Shrimp (1); Anchovies (15); Sardine (5); Herring (10)
1584 3566 0	fishing	Fishing: Salmon, Trout, Pike	20	Salmon (30); Trout (20); Pike (25)
3239 5997 0	fishing	Fishing: Salmon, Trout, Pike	20	Salmon (30); Trout (20); Pike (25)
3185 6027 0	fishing	Fishing: Shark, Bass	46	Shark (76); Bass (46)
2161 3275 0	fishing	Fishing: Shark, Bass	46	Shark (76); Bass (46)
2215 3245 0	fishing	Fishing: Salmon, Trout, Pike	20	Salmon (30); Trout (20); Pike (25)
3293 6005 0	fishing	Fishing: Salmon, Trout, Pike	20	Salmon (30); Trout (20); Pike (25)
2269 3253 0	fishing	Fishing: Salmon, Trout, Pike	20	Salmon (30); Trout (20); Pike (25)
2281 2841 0	fishing	Fishing: Shark, Bass	46	Shark (76); Bass (46)
2280 2975 0	fishing	Fishing: Lobster, Swordfish, Tuna	35	Lobster (40); Swordfish (50); Tuna (35)
2162 2782 0	fishing	Fishing: Shrimp, Anchovies, Sardine, Herring	1	Shrimp (1); Anchovies (15); Sardine (5); Herring (10)
2400 3780 0	fishing	Fishing: Shark, Bass, Lobster, Swordfish, Tuna	35	Shark (76); Bass (46); Lobster (40); Swordfish (50); Tuna (35)
2412 3780 0	fishing	Fishing: Shark, Bass, Lobster, Swordfish, Tuna	35	Shark (76); Bass (46); Lobster (40); Swordfish (50); Tuna (35)
2419 3789 0	fishing	Fishing: Shark, Bass, Lobster, Swordfish, Tuna	35	Shark (76); Bass (46); Lobster (40); Swordfish (50); Tuna (35)
1329 3010 0	fishing	Fishing: Shrimp, Anchovies, Sardine, Herring	1	Shrimp (1); Anchovies (15); Sardine (5); Herring (10)
3139 2800 0	fishing	Fishing: Lobster, Swordfish, Tuna	35	Lobster (40); Swordfish (50); Tuna (35)
1723 3685 0	fishing	Fishing: Salmon, Trout, Pike	20	Salmon (30); Trout (20); Pike (25)
1172 2722 0	fishing	Fishing: Squid		Squid
1182 2720 0	fishing	Fishing: Squid		Squid
1200 2792 0	fishing	Fishing: Shark, Bass	46	Shark (76); Bass (46)
1534 3414 0	fishing	Fishing: Shrimp, Anchovies, Sardine, Herring	1	Shrimp (1); Anchovies (15); Sardine (5); Herring (10)
1484 3432 0	fishing	Fishing: Shark, Bass, Lobster, Swordfish, Tuna, Shrimp, Anchovies, Sardine, Herring	1	Shark (76); Bass (46); Lobster (40); Swordfish (50); Tuna (35); Shrimp (1); Anchovies (15); Sardine (5); Herring (10)
2086 3196 0	fishing	Fishing: Lobster, Swordfish, Tuna	35	Lobster (40); Swordfish (50); Tuna (35)
2075 3189 0	fishing	Fishing: Lobster, Swordfish, Tuna	35	Lobster (40); Swordfish (50); Tuna (35)
3238 3241 0	fishing	Fishing: Salmon, Trout, Pike	20	Salmon (30); Trout (20); Pike (25)
3237 3253 0	fishing	Fishing: Salmon, Trout, Pike	20	Salmon (30); Trout (20); Pike (25)
3244 9570 0	fishing	Fishing: Frog spawn, Cave eel	38	Frog spawn; Cave eel (38)
3153 9544 0	fishing	Fishing: Frog spawn, Cave eel	38	Frog spawn; Cave eel (38)
3244 3153 0	fishing	Fishing: Shrimp, Anchovies, Sardine, Herring	1	Shrimp (1); Anchovies (15); Sardine (5); Herring (10)
2774 2740 0	fishing	Fishing: Shark, Bass	46	Shark (76); Bass (46)
1374 2841 0	fishing	Fishing: Lobster, Swordfish, Tuna	35	Lobster (40); Swordfish (50); Tuna (35)
1370 3632 0	fishing	Fishing: Common tench, Bluegill, Greater siren, Mottled eel		Common tench; Bluegill; Greater siren; Mottled eel
3439 3273 0	fishing	Fishing: Slimy eel	28	Slimy eel (28)
3480 3433 0	fishing	Fishing: Slimy eel	28	Slimy eel (28)
3485 3448 0	fishing	Fishing: Slimy eel	28	Slimy eel (28)
3425 3409 0	fishing	Fishing: Slimy eel	28	Slimy eel (28)
3432 3415 0	fishing	Fishing: Slimy eel	28	Slimy eel (28)
2443 5104 0	fishing	Fishing: Infernal Eel	80	Infernal Eel (80)
2476 5077 0	fishing	Fishing: Infernal Eel	80	Infernal Eel (80)
2537 5086 0	fishing	Fishing: Infernal Eel	80	Infernal Eel (80)
1271 3546 0	fishing	Fishing: Sturgeon, Salmon, Trout	20	Sturgeon (70); Salmon (30); Trout (20)
1265 3541 0	fishing	Fishing: Sturgeon, Salmon, Trout	20	Sturgeon (70); Salmon (30); Trout (20)
1253 3542 0	fishing	Fishing: Sturgeon, Salmon, Trout	20	Sturgeon (70); Salmon (30); Trout (20)
2995 3158 0	fishing	Fishing: Shrimp, Anchovies, Sardine, Herring	1	Shrimp (1); Anchovies (15); Sardine (5); Herring (10)
2985 3176 0	fishing	Fishing: Shrimp, Anchovies, Sardine, Herring	1	Shrimp (1); Anchovies (15); Sardine (5); Herring (10)
2891 3134 0	fishing	Fishing: Karambwan	65	Karambwan (65)
2925 3179 0	fishing	Fishing: Lobster, Swordfish, Tuna, Shrimp, Anchovies, Sardine, Herring	1	Lobster (40); Swordfish (50); Tuna (35); Shrimp (1); Anchovies (15); Sardine (5); Herring (10)
2456 2893 0	fishing	Fishing: Lobster, Swordfish, Tuna	35	Lobster (40); Swordfish (50); Tuna (35)
2466 3151 0	fishing	Fishing: Salmon, Trout, Pike	20	Salmon (30); Trout (20); Pike (25)
3002 2276 0	fishing	Fishing: Squid		Squid
2500 3509 0	fishing	Fishing: Sturgeon, Salmon, Trout	20	Sturgeon (70); Salmon (30); Trout (20)
2504 3495 0	fishing	Fishing: Sturgeon, Salmon, Trout	20	Sturgeon (70); Salmon (30); Trout (20)
2505 3515 0	fishing	Fishing: Sturgeon, Salmon, Trout	20	Sturgeon (70); Salmon (30); Trout (20)
2520 3518 0	fishing	Fishing: Sturgeon, Salmon, Trout	20	Sturgeon (70); Salmon (30); Trout (20)
3032 2997 0	fishing	Fishing: Shrimp, Anchovies, Sardine, Herring	1	Shrimp (1); Anchovies (15); Sardine (5); Herring (10)
2308 3700 0	fishing	Fishing: Monkfish	62	Monkfish (62)
1831 3773 0	fishing	Fishing: Anglerfish	82	Anglerfish (82)
1762 3796 0	fishing	Fishing: Lobster, Swordfish, Tuna, Shrimp, Anchovies, Sardine, Herring	1	Lobster (40); Swordfish (50); Tuna (35); Shrimp (1); Anchovies (15); Sardine (5); Herring (10)
1745 3802 0	fishing	Fishing: Lobster, Swordfish, Tuna, Shrimp, Anchovies, Sardine, Herring	1	Lobster (40); Swordfish (50); Tuna (35); Shrimp (1); Anchovies (15); Sardine (5); Herring (10)
3186 6102 0	fishing	Fishing: Shark, Bass, Lobster, Swordfish, Tuna	35	Shark (76); Bass (46); Lobster (40); Swordfish (50); Tuna (35)
3187 6123 0	fishing	Fishing: Shark, Bass, Lobster, Swordfish, Tuna	35	Shark (76); Bass (46); Lobster (40); Swordfish (50); Tuna (35)
3250 6182 0	fishing	Fishing: Shark, Bass, Lobster, Swordfish, Tuna	35	Shark (76); Bass (46); Lobster (40); Swordfish (50); Tuna (35)
3258 6180 0	fishing	Fishing: Shark, Bass, Lobster, Swordfish, Tuna	35	Shark (76); Bass (46); Lobster (40); Swordfish (50); Tuna (35)
3258 6197 0	fishing	Fishing: Shark, Bass, Lobster, Swordfish, Tuna	35	Shark (76); Bass (46); Lobster (40); Swordfish (50); Tuna (35)
2162 3350 0	fishing	Fishing: Shark, Bass, Lobster, Swordfish, Tuna	35	Shark (76); Bass (46); Lobster (40); Swordfish (50); Tuna (35)
2163 3371 0	fishing	Fishing: Shark, Bass, Lobster, Swordfish, Tuna	35	Shark (76); Bass (46); Lobster (40); Swordfish (50); Tuna (35)
2226 3430 0	fishing	Fishing: Shark, Bass, Lobster, Swordfish, Tuna	35	Shark (76); Bass (46); Lobster (40); Swordfish (50); Tuna (35)
2234 3428 0	fishing	Fishing: Shark, Bass, Lobster, Swordfish, Tuna	35	Shark (76); Bass (46); Lobster (40); Swordfish (50); Tuna (35)
2234 3445 0	fishing	Fishing: Shark, Bass, Lobster, Swordfish, Tuna	35	Shark (76); Bass (46); Lobster (40); Swordfish (50); Tuna (35)
2641 3696 0	fishing	Fishing: Lobster, Swordfish, Tuna	35	Lobster (40); Swordfish (50); Tuna (35)
2649 3708 0	fishing	Fishing: Shark, Bass	46	Shark (76); Bass (46)
2632 3694 0	fishing	Fishing: Shrimp, Anchovies, Sardine, Herring	1	Shrimp (1); Anchovies (15); Sardine (5); Herring (10)
2886 3196 0	fishing	Fishing: Shark, Bass	46	Shark (76); Bass (46)
2560 3374 0	fishing	Fishing: Salmon, Trout, Pike	20	Salmon (30); Trout (20); Pike (25)
2565 3370 0	fishing	Fishing: Salmon, Trout, Pike	20	Salmon (30); Trout (20); Pike (25)
2526 3412 0	fishing	Fishing: Salmon, Trout, Pike	20	Salmon (30); Trout (20); Pike (25)
2536 3405 0	fishing	Fishing: Salmon, Trout, Pike	20	Salmon (30); Trout (20); Pike (25)
2507 3420 0	fishing	Fishing: Salmon, Trout, Pike	20	Salmon (30); Trout (20); Pike (25)
1545 3186 0	fishing	Fishing: Salmon, Trout, Pike	20	Salmon (30); Trout (20); Pike (25)
1675 3490 0	fishing	Fishing: Shark, Bass	46	Shark (76); Bass (46)
1676 3469 0	fishing	Fishing: Shrimp, Anchovies, Sardine, Herring	1	Shrimp (1); Anchovies (15); Sardine (5); Herring (10)
1668 3479 0	fishing	Fishing: Lobster, Swordfish, Tuna	35	Lobster (40); Swordfish (50); Tuna (35)
2725 3524 0	fishing	Fishing: Salmon, Trout, Pike	20	Salmon (30); Trout (20); Pike (25)
2714 3531 0	fishing	Fishing: Salmon, Trout, Pike	20	Salmon (30); Trout (20); Pike (25)
1546 2813 0	fishing	Fishing: Lobster, Swordfish, Tuna	35	Lobster (40); Swordfish (50); Tuna (35)
1551 2807 0	fishing	Fishing: Lobster, Swordfish, Tuna	35	Lobster (40); Swordfish (50); Tuna (35)
1593 2783 0	fishing	Fishing: Shark, Bass	46	Shark (76); Bass (46)
1586 2777 0	fishing	Fishing: Shark, Bass	46	Shark (76); Bass (46)
1565 3326 0	fishing	Fishing: Shrimp, Anchovies, Sardine, Herring	1	Shrimp (1); Anchovies (15); Sardine (5); Herring (10)
1586 3299 0	fishing	Fishing: Shark, Bass	46	Shark (76); Bass (46)
2854 2977 0	fishing	Fishing: Salmon, Trout, Pike	20	Salmon (30); Trout (20); Pike (25)
2858 2973 0	fishing	Fishing: Salmon, Trout, Pike	20	Salmon (30); Trout (20); Pike (25)
1218 3146 0	fishing	Fishing: Shark, Bass	46	Shark (76); Bass (46)
1265 3132 0	fishing	Fishing: Salmon, Trout, Pike	20	Salmon (30); Trout (20); Pike (25)
2893 9764 0	fishing	Fishing: Lava eel	53	Lava eel (53)
2889 9766 0	fishing	Fishing: Lava eel	53	Lava eel (53)
2883 9765 0	fishing	Fishing: Lava eel	53	Lava eel (53)
3047 2874 0	fishing	Fishing: Harpoonfish		Harpoonfish
3050 2867 0	fishing	Fishing: Harpoonfish		Harpoonfish
3036 2868 0	fishing	Fishing: Harpoonfish		Harpoonfish
3035 2834 0	fishing	Fishing: Harpoonfish		Harpoonfish
3047 2829 0	fishing	Fishing: Harpoonfish		Harpoonfish
3045 2826 0	fishing	Fishing: Harpoonfish		Harpoonfish
1623 3235 0	fishing	Fishing: Salmon, Trout, Pike	20	Salmon (30); Trout (20); Pike (25)
2389 3422 0	fishing	Fishing: Salmon, Trout, Pike	20	Salmon (30); Trout (20); Pike (25)
2382 3415 0	fishing	Fishing: Salmon, Trout, Pike	20	Salmon (30); Trout (20); Pike (25)
3100 3091 0	fishing	Fishing: Shrimp	1	Shrimp (1)
1898 2972 0	fishing	Fishing: Lobster, Swordfish, Tuna	35	Lobster (40); Swordfish (50); Tuna (35)
1646 3558 0	fishing	Fishing: Salmon, Trout, Pike	20	Salmon (30); Trout (20); Pike (25)
3049 3704 0	fishing	Fishing: Shrimp, Anchovies, Sardine, Herring	1	Shrimp (1); Anchovies (15); Sardine (5); Herring (10)
3362 3802 0	fishing	Fishing: Dark Crab	85	Dark Crab (85)
3347 3813 0	fishing	Fishing: Dark Crab	85	Dark Crab (85)
3071 3840 0	fishing	Fishing: Lava eel	53	Lava eel (53)
3186 3925 0	fishing	Fishing: Dark Crab	85	Dark Crab (85)
2073 2604 0	fishing	Fishing: Squid		Squid
2574 2219 0	fishing	Fishing: Shark, Bass, Lobster, Swordfish, Tuna	35	Shark (76); Bass (46); Lobster (40); Swordfish (50); Tuna (35)
2802 8598 0	fishing	Fishing: Lava eel	53	Lava eel (53)
2183 3068 0	fishing	Fishing: Sacred eel	87	Sacred eel (87)
2195 3067 0	fishing	Fishing: Sacred eel	87	Sacred eel (87)
3322 2875 0	mining	Mining: Gold	40	5 × Gold (40)
1430 2882 0	mining	Mining: Iron, Silver, Coal, Gold	15	8 × Iron (15); 5 × Silver (20); 6 × Coal (30); 5 × Gold (40)
3298 3312 0	mining	Mining: Copper, Tin, Iron, Silver, Coal, Mithril, Adamantite	1	3 × Copper (1); 1 × Tin (1); 7 × Iron (15); 5 × Silver (20); 3 × Coal (30); 2 × Mithril (55); 2 × Adamantite (70)
3298 3282 0	mining	Mining: Iron, Gold	15	2 × Iron (15); 2 × Gold (40)
1847 5414 0	mining	Mining: Mithril	55	4 × Mithril (55)
1826 5392 0	mining	Mining: Mithril	55	2 × Mithril (55)
1840 5397 0	mining	Mining: Mithril	55	8 × Mithril (55)
2322 3269 0	mining	Mining: Limestone	10	8 × Limestone (10)
3346 6021 0	mining	Mining: Limestone	10	8 × Limestone (10)
1763 3860 0	mining	Mining: Dense essence	38	1 × Dense essence (38)
1763 3844 0	mining	Mining: Dense essence	38	1 × Dense essence (38)
2670 9680 0	mining	Mining: Iron, Coal	15	5 × Iron (15); 5 × Coal (30)
2599 3232 0	mining	Mining: Iron, Coal	15	6 × Iron (15); 4 × Coal (30)
3063 9582 0	mining	Mining: Blurite	10	2 × Blurite (10)
3049 9568 0	mining	Mining: Blurite	10	2 × Blurite (10)
1618 2991 0	mining	Mining: Iron	15	6 × Iron (15)
3086 3763 0	mining	Mining: Iron, Coal, Mithril, Adamantite	15	16 × Iron (15); 20 × Coal (30); 22 × Mithril (55); 8 × Adamantite (70)
3171 2912 0	mining	Mining: Clay, Coal, Sandstone, Granite	1	2 × Clay (1); 2 × Coal (30); 36 × Sandstone (35); 34 × Granite (45)
3078 3421 0	mining	Mining: Tin, Coal	1	5 × Tin (1); 4 × Coal (30)
2471 3255 0	mining	Mining: Copper, Tin	1	3 × Copper (1); 1 × Tin (1)
1502 3869 0	mining	Mining: Hard rock		20 × Hard rock
1485 3882 0	mining	Mining: Hard rock		17 × Hard rock
1471 3865 0	mining	Mining: Hard rock		22 × Hard rock
2732 3225 0	mining	Mining: Gold	40	10 × Gold (40)
2743 3150 0	mining	Mining: Gold	40	6 × Gold (40)
1510 9540 0	mining	Mining: Iron, Coal, Calcified rocks, Mithril, Adamantite	15	5 × Iron (15); 4 × Coal (30); 16 × Calcified rocks (41); 2 × Mithril (55); 1 × Adamantite (70)
2934 5811 0	mining	Mining: Barronite, Clay, Tin, Copper	1	8 × Barronite (14); 1 × Clay (1); 2 × Tin (1); 1 × Copper (1)
2914 5811 0	mining	Mining: Barronite, Copper, Clay, Tin	1	10 × Barronite (14); 2 × Copper (1); 2 × Clay (1); 1 × Tin (1)
2374 3850 0	mining	Mining: Coal, Runite	30	7 × Coal (30); 1 × Runite (85)
2698 8785 0	mining	Mining: Coal, Adamantite, Runite	30	10 × Coal (30); 3 × Adamantite (70); 2 × Runite (85)
2640 2390 0	mining	Mining: Coal	30	11 × Coal (30)
3400 3170 0	mining	Mining: Iron	15	3 × Iron (15)
2580 3484 0	mining	Mining: Coal	30	18 × Coal (30)
2939 3283 0	mining	Mining: Clay, Silver, Gold	1	6 × Clay (1); 6 × Silver (20); 7 × Gold (40)
2860 3287 0	mining	Mining: Gold	40	3 × Gold (40)
2831 3296 0	mining	Mining: Coal, Mithril	30	7 × Coal (30); 1 × Mithril (55)
2835 3245 0	mining	Mining: Coal, Adamantite	30	3 × Coal (30); 3 × Adamantite (70)
2819 3247 0	mining	Mining: Mithril	55	7 × Mithril (55)
1281 3412 0	mining	Mining: Iron, Coal, Mithril	15	8 × Iron (15); 3 × Coal (30); 6 × Mithril (55)
3631 3340 0	mining	Mining: Daeyalt essence	60	3 × Daeyalt essence (60)
1945 2805 0	mining	Mining: Tin, Copper, Iron, Mithril	1	3 × Tin (1); 4 × Copper (1); 6 × Iron (15); 5 × Mithril (55)
1932 2790 0	mining	Mining: Silver, Lead, Gold, Nickel	20	5 × Silver (20); 7 × Lead; 6 × Gold (40); 7 × Nickel
1996 9205 0	mining	Mining: Iron, Lead	15	7 × Iron (15); 7 × Lead
1944 9204 0	mining	Mining: Coal, Adamantite	30	23 × Coal (30); 4 × Adamantite (70)
1932 9186 0	mining	Mining: Iron, Mithril	15	6 × Iron (15); 3 × Mithril (55)
2067 9208 0	mining	Mining: Nickel		12 × Nickel
2090 9201 0	mining	Mining: Coal, Adamantite, Runite	30	21 × Coal (30); 6 × Adamantite (70); 4 × Runite (85)
3299 3021 0	mining	Mining: Copper, Tin, Iron, Coal	1	4 × Copper (1); 4 × Tin (1); 3 × Iron (15); 4 × Coal (30)
3309 9645 0	mining	Mining: Iron, Silver	15	1 × Iron (15); 9 × Silver (20)
3322 9616 0	mining	Mining: Iron	15	3 × Iron (15)
3312 9621 0	mining	Mining: Iron	15	3 × Iron (15)
3311 9628 0	mining	Mining: Iron, Silver	15	3 × Iron (15); 2 × Silver (20)
3039 9763 0	mining	Mining: Tin, Iron, Coal, Gold, Adamantite	1	5 × Tin (1); 2 × Iron (15); 8 × Coal (30); 2 × Gold (40); 1 × Adamantite (70)
3037 9775 0	mining	Mining: Copper, Iron, Coal, Mithril, Adamantite	1	4 × Copper (1); 3 × Iron (15); 3 × Coal (30); 2 × Mithril (55); 2 × Adamantite (70)
3051 9820 0	mining	Mining: Clay, Tin, Iron	1	2 × Clay (1); 3 × Tin (1); 2 × Iron (15)
3028 9809 0	mining	Mining: Clay, Copper	1	3 × Clay (1); 4 × Copper (1)
3031 9828 0	mining	Mining: Copper, Tin, Iron	1	3 × Copper (1); 2 × Tin (1); 2 × Iron (15)
2405 3867 0	mining	Mining: Copper, Tin, Coal	1	3 × Copper (1); 3 × Tin (1); 4 × Coal (30)
3424 3164 0	mining	Mining: Clay	1	7 × Clay (1)
3138 9874 0	mining	Mining: Copper, Tin, Iron, Silver, Coal, Mithril, Adamantite	1	2 × Copper (1); 2 × Tin (1); 3 × Iron (15); 3 × Silver (20); 6 × Coal (30); 1 × Mithril (55); 2 × Adamantite (70)
2907 3362 0	mining	Mining: Copper, Tin, Iron, Coal	1	2 × Copper (1); 6 × Tin (1); 3 × Iron (15); 2 × Coal (30)
2638 2996 0	mining	Mining: Rock		3 × Rock
2579 2998 0	mining	Mining: Rock		4 × Rock
2567 2961 0	mining	Mining: Rock		3 × Rock
2630 3142 0	mining	Mining: Clay, Copper, Tin, Iron, Coal, Mithril	1	4 × Clay (1); 2 × Copper (1); 7 × Tin (1); 9 × Iron (15); 1 × Coal (30); 2 × Mithril (55)
3770 3815 0	mining	Mining: Iron, Coal, Mithril, Adamantite, Runite	15	7 × Iron (15); 20 × Coal (30); 3 × Mithril (55); 5 × Adamantite (70); 2 × Runite (85)
2310 3853 0	mining	Mining: Copper	1	3 × Copper (1)
2963 3933 0	mining	Mining: Runite	85	1 × Runite (85)
2975 3937 0	mining	Mining: Runite	85	1 × Runite (85)
2947 3914 0	mining	Mining: Runite	85	1 × Runite (85)
2489 9916 0	mining	Mining: Clay, Iron, Silver, Coal, Gold, Mithril, Adamantite	1	9 × Clay (1); 8 × Iron (15); 4 × Silver (20); 11 × Coal (30); 4 × Gold (40); 4 × Mithril (55); 3 × Adamantite (70)
3183 2502 0	mining	Mining: Tin, Copper, Iron, Coal, Clay, Mithril	1	2 × Tin (1); 3 × Copper (1); 8 × Iron (15); 2 × Coal (30); 3 × Clay (1); 2 × Mithril (55)
3248 2352 0	mining	Mining: Iron, Coal, Granite, Sandstone	15	3 × Iron (15); 2 × Coal (30); 9 × Granite (45); 9 × Sandstone (35)
2911 4084 0	mining	Mining: Coal, Adamantite, Nickel	30	3 × Coal (30); 3 × Adamantite (70); 4 × Nickel
2901 4084 0	mining	Mining: Coal, Runite	30	2 × Coal (30); 3 × Runite (85)
2909 4062 0	mining	Mining: Coal, Nickel	30	2 × Coal (30); 4 × Nickel
2163 3415 0	mining	Mining: Gold	40	10 × Gold (40)
3187 6167 0	mining	Mining: Gold	40	10 × Gold (40)
2940 9884 0	mining	Mining: Coal, Runite	30	3 × Coal (30); 2 × Runite (85)
2939 9898 0	mining	Mining: Coal	30	5 × Coal (30)
2921 9904 0	mining	Mining: Coal	30	3 × Coal (30)
2914 9916 0	mining	Mining: Mithril, Adamantite	55	2 × Mithril (55); 2 × Adamantite (70)
1777 3489 0	mining	Mining: Clay, Copper, Tin, Iron, Silver	1	10 × Clay (1); 11 × Copper (1); 4 × Tin (1); 9 × Iron (15); 2 × Silver (20)
2277 3159 0	mining	Mining: Adamantite, Runite	70	4 × Adamantite (70); 2 × Runite (85)
2279 9237 0	mining	Mining: Runite	85	1 × Runite (85)
2262 9244 0	mining	Mining: Adamantite	70	2 × Adamantite (70)
2195 2793 0	mining	Mining: Clay, Tin, Copper, Iron, Silver, Coal, Gold, Mithril	1	3 × Clay (1); 3 × Tin (1); 3 × Copper (1); 10 × Iron (15); 3 × Silver (20); 6 × Coal (30); 4 × Gold (40); 2 × Mithril (55)
2396 3812 0	mining	Mining: Tin, Iron, Coal, Mithril, Adamantite	1	11 × Tin (1); 7 × Iron (15); 8 × Coal (30); 15 × Mithril (55); 11 × Adamantite (70)
2848 3033 0	mining	Mining: Iron, Silver, Coal, Mithril, Adamantite	15	1 × Iron (15); 1 × Silver (20); 1 × Coal (30); 2 × Mithril (55); 2 × Adamantite (70)
2856 9579 0	mining	Mining: Gold	40	4 × Gold (40)
1211 3657 0	mining	Mining: Adamantite, Mithril	55	4 × Adamantite (70); 5 × Mithril (55)
2724 3693 0	mining	Mining: Iron, Mithril	15	9 × Iron (15); 2 × Mithril (55)
2937 10232 0	mining	Mining: Coal	30	9 × Coal (30)
2872 10119 0	mining	Mining: Copper, Coal	1	2 × Copper (1); 5 × Coal (30)
2818 10156 0	mining	Mining: Iron, Gold	15	4 × Iron (15); 1 × Gold (40)
2864 10170 0	mining	Mining: Tin	1	5 × Tin (1)
3045 10263 0	mining	Mining: Runite	85	1 × Runite (85)
3059 3884 0	mining	Mining: Runite	85	2 × Runite (85)
2709 3331 0	mining	Mining: Iron, Coal	15	6 × Iron (15); 8 × Coal (30)
2694 3332 0	mining	Mining: Iron, Coal	15	5 × Iron (15); 5 × Coal (30)
1476 3779 0	mining	Mining: Iron, Coal, Mithril	15	4 × Iron (15); 6 × Coal (30); 1 × Mithril (55)
1445 3870 0	mining	Mining: Volcanic sulphur	42	3 × Volcanic sulphur (42)
1427 3870 0	mining	Mining: Volcanic sulphur	42	2 × Volcanic sulphur (42)
1430 3849 0	mining	Mining: Coal, Lovakite	30	33 × Coal (30); 58 × Lovakite (65)
1447 3840 0	mining	Mining: Coal, Lovakite	30	12 × Coal (30); 22 × Lovakite (65)
3226 3146 0	mining	Mining: Copper, Tin	1	5 × Copper (1); 5 × Tin (1)
3148 3149 0	mining	Mining: Coal, Mithril, Adamantite	30	7 × Coal (30); 5 × Mithril (55); 2 × Adamantite (70)
2163 10347 0	mining	Mining: Silver, Gold, Gem rock, Lunar	20	2 × Silver (20); 1 × Gold (40); 1 × Gem rock (40); 6 × Lunar
2165 10325 0	mining	Mining: Gem rock, Lunar	40	3 × Gem rock (40); 4 × Lunar
2140 10318 0	mining	Mining: Silver, Lunar	20	3 × Silver (20); 3 × Lunar
2125 10327 0	mining	Mining: Gold, Lunar	40	4 × Gold (40); 1 × Lunar
2124 10342 0	mining	Mining: Gold, Lunar	40	2 × Gold (40); 5 × Lunar
3022 9704 0	mining	Mining: Amethyst	92	26 × Amethyst (92)
3040 9740 0	mining	Mining: Iron, Coal, Mithril, Adamantite	15	4 × Iron (15); 37 × Coal (30); 5 × Mithril (55); 2 × Adamantite (70)
3032 9720 0	mining	Mining: Iron, Coal, Mithril, Adamantite, Runite	15	8 × Iron (15); 20 × Coal (30); 10 × Mithril (55); 8 × Adamantite (70); 2 × Runite (85)
3006 9711 0	mining	Mining: Amethyst	92	36 × Amethyst (92)
2526 3891 0	mining	Mining: Coal	30	9 × Coal (30)
2504 10287 0	mining	Mining: Coal	30	4 × Coal (30)
2458 5167 0	mining	Mining: Silver, Gold	20	3 × Silver (20); 3 × Gold (40)
2513 5074 0	mining	Mining: Silver, Gold	20	6 × Silver (20); 7 × Gold (40)
2499 5062 0	mining	Mining: Iron, Coal, Adamantite, Runite	15	3 × Iron (15); 4 × Coal (30); 2 × Adamantite (70); 3 × Runite (85)
1278 3814 0	mining	Mining: Iron, Coal	15	6 × Iron (15); 5 × Coal (30)
1936 9020 0	mining	Mining: Adamantite, Runite	70	4 × Adamantite (70); 2 × Runite (85)
3319 2708 0	mining	Mining: Sandstone, Granite	35	5 × Sandstone (35); 5 × Granite (45)
1977 9041 0	mining	Mining: Coal, Mithril, Adamantite	30	5 × Coal (30); 2 × Mithril (55); 1 × Adamantite (70)
2978 2254 0	mining	Mining: Iron, Silver, Lead, Gem rock, Gold	15	8 × Iron (15); 3 × Silver (20); 6 × Lead; 4 × Gem rock (40); 4 × Gold (40)
3055 9367 0	mining	Mining: Copper, Tin, Iron, Coal, Lead	1	3 × Copper (1); 3 × Tin (1); 5 × Iron (15); 3 × Coal (30); 8 × Lead
3056 3945 0	mining	Mining: Iron, Coal, Mithril, Adamantite	15	1 × Iron (15); 4 × Coal (30); 4 × Mithril (55); 1 × Adamantite (70)
1759 3718 0	mining	Mining: Copper, Tin, Iron, Silver, Mithril	1	5 × Copper (1); 6 × Tin (1); 5 × Iron (15); 2 × Silver (20); 1 × Mithril (55)
2337 3640 0	mining	Mining: Clay, Copper, Tin, Iron	1	2 × Clay (1); 2 × Copper (1); 2 × Tin (1); 3 × Iron (15)
2651 3172 0	mining	Mining: Copper, Tin, Mithril	1	2 × Copper (1); 2 × Tin (1); 2 × Mithril (55)
1480 3086 0	mining	Mining: Copper, Tin, Iron, Adamantite	1	4 × Copper (1); 4 × Tin (1); 4 × Iron (15); 3 × Adamantite (70)
2682 3704 0	mining	Mining: Clay, Silver, Coal	1	4 × Clay (1); 3 × Silver (20); 7 × Coal (30)
2977 3240 0	mining	Mining: Clay, Copper, Tin, Iron, Gold	1	2 × Clay (1); 5 × Copper (1); 2 × Tin (1); 6 × Iron (15); 2 × Gold (40)
3377 2777 0	mining	Mining: Clay, Iron, Coal, Adamantite	1	3 × Clay (1); 5 × Iron (15); 3 × Coal (30); 1 × Adamantite (70)
3172 2871 0	mining	Mining: Copper, Tin, Iron, Silver, Coal	1	1 × Copper (1); 1 × Tin (1); 5 × Iron (15); 2 × Silver (20); 1 × Coal (30)
2835 10334 0	mining	Mining: Basalt, Te salt, Efh salt, Urt salt	72	7 × Basalt (72); 15 × Te salt (72); 12 × Efh salt (72); 12 × Urt salt (72)
1671 3284 0	mining	Mining: Iron, Gold	15	5 × Iron (15); 5 × Gold (40)
1631 3277 0	mining	Mining: Coal, Mithril, Adamantite	30	7 × Coal (30); 3 × Mithril (55); 2 × Adamantite (70)
1601 3645 0	mining	Mining: Clay, Iron, Coal, Mithril, Adamantite	1	3 × Clay (1); 3 × Iron (15); 4 × Coal (30); 2 × Mithril (55); 2 × Adamantite (70)
2822 3001 0	mining	Mining: Gem rock	40	7 × Gem rock (40)
3371 3498 0	mining	Mining: Limestone	10	7 × Limestone (10)
3888 9749 0	mining	Mining: Iron, Coal	15	6 × Iron (15); 14 × Coal (30)
1747 2955 0	mining	Mining: Clay, Iron, Silver, Coal, Gold, Mithril	1	5 × Clay (1); 6 × Iron (15); 4 × Silver (20); 10 × Coal (30); 3 × Gold (40); 4 × Mithril (55)
1169 3323 0	mining	Mining: Iron, Coal, Mithril, Adamantite, Runite	15	3 × Iron (15); 3 × Coal (30); 3 × Mithril (55); 3 × Adamantite (70); 1 × Runite (85)
2221 9003 0	mining	Mining: Coal, Mithril	30	4 × Coal (30); 5 × Mithril (55)
2224 8977 0	mining	Mining: Coal, Adamantite	30	3 × Coal (30); 4 × Adamantite (70)
1352 3112 0	mining	Mining: Iron, Coal, Gold, Mithril, Adamantite, Gemstone Crab	15	7 × Iron (15); 4 × Coal (30); 5 × Gold (40); 4 × Mithril (55); 4 × Adamantite (70); 1 × Gemstone Crab
1272 3173 0	mining	Mining: Silver, Clay, Gemstone Crab	1	9 × Silver (20); 8 × Clay (1); 1 × Gemstone Crab
1238 3043 0	mining	Mining: Copper, Iron, Coal, Gemstone Crab	1	13 × Copper (1); 10 × Iron (15); 7 × Coal (30); 1 × Gemstone Crab
3295 12387 0	mining	Mining: Iron, Silver, Coal, Gold, Mithril, Soft clay, Adamantite, Runite	15	26 × Iron (15); 8 × Silver (20); 19 × Coal (30); 14 × Gold (40); 7 × Mithril (55); 10 × Soft clay (70); 7 × Adamantite (70); 4 × Runite (85)
3415 3160 0	mining	Mining: Clay	1	10 × Clay (1)
2567 7735 0	mining	Mining: Iron	15	14 × Iron (15)
3286 3365 0	mining	Mining: Copper, Tin, Iron	1	9 × Copper (1); 6 × Tin (1); 4 × Iron (15)
3176 3370 0	mining	Mining: Clay, Tin, Iron, Silver	1	3 × Clay (1); 8 × Tin (1); 3 × Iron (15); 3 × Silver (20)
1891 2987 0	mining	Mining: Clay, Silver, Gold, Mithril	1	2 × Clay (1); 2 × Silver (20); 2 × Gold (40); 1 × Mithril (55)
1893 2975 0	mining	Mining: Iron, Coal, Clay, Gold	1	2 × Iron (15); 2 × Coal (30); 2 × Clay (1); 4 × Gold (40)
3766 3757 0	mining	Mining: Iron	15	3 × Iron (15)
3192 3930 0	mining	Mining: Iron, Coal, Gold, Mithril, Adamantite	15	6 × Iron (15); 11 × Coal (30); 4 × Gold (40); 1 × Mithril (55); 6 × Adamantite (70)
3104 3569 0	mining	Mining: Iron, Coal	15	2 × Iron (15); 3 × Coal (30)
3013 3589 0	mining	Mining: Coal	30	34 × Coal (30)
2807 8593 0	mining	Mining: Silver, Lead, Coal, Nickel, Runite	20	10 × Silver (20); 7 × Lead; 2 × Coal (30); 6 × Nickel; 1 × Runite (85)
2613 2237 0	mining	Mining: Sunstone, Coal, Mithril, Runite	30	9 × Sunstone; 5 × Coal (30); 2 × Mithril (55); 1 × Runite (85)
2597 2239 0	mining	Mining: Sunstone, Iron, Coal	15	13 × Sunstone; 5 × Iron (15); 8 × Coal (30)
2224 3476 0	mining	Mining: Iron, Nickel	15	4 × Iron (15); 3 × Nickel
2267 9892 0	mining	Mining: Mithril, Adamantite	55	5 × Mithril (55); 8 × Adamantite (70)
2249 9878 0	mining	Mining: Mithril, Runite	55	2 × Mithril (55); 2 × Runite (85)
2710 3510 0	trees	Willow tree	30	Willow tree (30 Woodcutting)
2774 2697 0	trees	Teak tree	35	Teak tree (35 Woodcutting)
3510 3073 0	trees	Teak tree	35	Teak tree (35 Woodcutting)
3440 2789 0	trees	Teak tree	35	Teak tree (35 Woodcutting)
3129 2446 0	trees	Teak tree	35	Teak tree (35 Woodcutting)
3832 3067 0	trees	Teak tree	35	Teak tree (35 Woodcutting)
2837 2907 0	trees	Teak tree	35	Teak tree (35 Woodcutting)
2899 2897 0	trees	Teak tree	35	Teak tree (35 Woodcutting)
2333 3049 0	trees	Teak tree	35	Teak tree (35 Woodcutting)
3309 6123 0	trees	Teak tree	35	Teak tree (35 Woodcutting)
1540 2802 0	trees	Teak tree	35	Teak tree (35 Woodcutting)
1694 2989 0	trees	Teak tree	35	Teak tree (35 Woodcutting)
1363 3143 0	trees	Teak tree	35	Teak tree (35 Woodcutting)
1326 3169 0	trees	Teak tree	35	Teak tree (35 Woodcutting)
1257 3009 0	trees	Teak tree	35	Teak tree (35 Woodcutting)
2738 3639 0	trees	Swaying tree	40	Swaying tree (40 Woodcutting)
1690 3524 0	trees	Mature juniper tree	42	Mature juniper tree (42 Woodcutting)
1231 3704 0	trees	Maple tree	45	Maple tree (45 Woodcutting)
1293 3756 0	trees	Maple tree	45	Maple tree (45 Woodcutting)
1640 3496 0	trees	Maple tree	45	Maple tree (45 Woodcutting)
1613 3494 0	trees	Maple tree	45	Maple tree (45 Woodcutting)
1560 3636 0	trees	Maple tree	45	Maple tree (45 Woodcutting)
1646 3590 0	trees	Maple tree	45	Maple tree (45 Woodcutting)
2550 3869 0	trees	Maple tree	45	Maple tree (45 Woodcutting)
2712 3382 0	trees	Maple tree	45	Maple tree (45 Woodcutting)
2720 3465 0	trees	Maple tree	45	Maple tree (45 Woodcutting)
2726 3501 0	trees	Maple tree	45	Maple tree (45 Woodcutting)
2728 3481 0	trees	Maple tree	45	Maple tree (45 Woodcutting)
2748 3466 0	trees	Maple tree	45	Maple tree (45 Woodcutting)
2710 3570 0	trees	Maple tree	45	Maple tree (45 Woodcutting)
2254 2808 0	trees	Maple tree	45	Maple tree (45 Woodcutting)
2209 3427 0	trees	Maple tree	45	Maple tree (45 Woodcutting)
3233 6179 0	trees	Maple tree	45	Maple tree (45 Woodcutting)
1362 2862 0	trees	Maple tree	45	Maple tree (45 Woodcutting)
1398 2856 0	trees	Maple tree	45	Maple tree (45 Woodcutting)
1389 3381 0	trees	Maple tree	45	Maple tree (45 Woodcutting)
1370 3344 0	trees	Maple tree	45	Maple tree (45 Woodcutting)
1392 3339 0	trees	Maple tree	45	Maple tree (45 Woodcutting)
1431 3352 0	trees	Maple tree	45	Maple tree (45 Woodcutting)
2578 2199 0	trees	Maple tree	45	Maple tree (45 Woodcutting)
2561 2191 0	trees	Maple tree	45	Maple tree (45 Woodcutting)
1237 3770 0	trees	Mahogany tree	50	Mahogany tree (50 Woodcutting)
2716 2710 0	trees	Mahogany tree	50	Mahogany tree (50 Woodcutting)
2725 2735 0	trees	Mahogany tree	50	Mahogany tree (50 Woodcutting)
3824 3053 0	trees	Mahogany tree	50	Mahogany tree (50 Woodcutting)
2946 2908 0	trees	Mahogany tree	50	Mahogany tree (50 Woodcutting)
3301 6129 0	trees	Mahogany tree	50	Mahogany tree (50 Woodcutting)
1586 2786 0	trees	Mahogany tree	50	Mahogany tree (50 Woodcutting)
1249 3077 0	trees	Mahogany tree	50	Mahogany tree (50 Woodcutting)
1263 3002 0	trees	Mahogany tree	50	Mahogany tree (50 Woodcutting)
2602 3895 0	trees	Teak/Mahogany trees	50	Teak/Mahogany trees (50 Woodcutting)
3810 3058 0	trees	Teak/Mahogany trees	50	Teak/Mahogany trees (50 Woodcutting)
2194 2991 0	trees	Teak/Mahogany trees	50	Teak/Mahogany trees (50 Woodcutting)
2821 3084 0	trees	Teak/Mahogany trees	50	Teak/Mahogany trees (50 Woodcutting)
1217 3688 0	trees	Yew tree	60	Yew tree (60 Woodcutting)
1353 3731 0	trees	Yew tree	60	Yew tree (60 Woodcutting)
1529 3452 0	trees	Yew tree	60	Yew tree (60 Woodcutting)
1591 3421 0	trees	Yew tree	60	Yew tree (60 Woodcutting)
1647 3508 0	trees	Yew tree	60	Yew tree (60 Woodcutting)
1621 3512 0	trees	Yew tree	60	Yew tree (60 Woodcutting)
1593 3491 0	trees	Yew tree	60	Yew tree (60 Woodcutting)
1583 3499 0	trees	Yew tree	60	Yew tree (60 Woodcutting)
1696 3554 0	trees	Yew tree	60	Yew tree (60 Woodcutting)
1625 3677 0	trees	Yew tree	60	Yew tree (60 Woodcutting)
1625 3669 0	trees	Yew tree	60	Yew tree (60 Woodcutting)
1642 3683 0	trees	Yew tree	60	Yew tree (60 Woodcutting)
1642 3663 0	trees	Yew tree	60	Yew tree (60 Woodcutting)
1642 3533 0	trees	Yew tree	60	Yew tree (60 Woodcutting)
1671 3657 0	trees	Yew tree	60	Yew tree (60 Woodcutting)
1680 3657 0	trees	Yew tree	60	Yew tree (60 Woodcutting)
1572 3618 0	trees	Yew tree	60	Yew tree (60 Woodcutting)
1553 3551 0	trees	Yew tree	60	Yew tree (60 Woodcutting)
1496 3582 0	trees	Yew tree	60	Yew tree (60 Woodcutting)
1733 3119 0	trees	Yew tree	60	Yew tree (60 Woodcutting)
1749 3106 0	trees	Yew tree	60	Yew tree (60 Woodcutting)
1498 3245 0	trees	Yew tree	60	Yew tree (60 Woodcutting)
1296 3409 0	trees	Yew tree	60	Yew tree (60 Woodcutting)
1361 3320 0	trees	Yew tree	60	Yew tree (60 Woodcutting)
1380 3323 0	trees	Yew tree	60	Yew tree (60 Woodcutting)
1354 3289 0	trees	Yew tree	60	Yew tree (60 Woodcutting)
1412 2992 0	trees	Yew tree	60	Yew tree (60 Woodcutting)
2217 3141 0	trees	Yew tree	60	Yew tree (60 Woodcutting)
3288 6066 0	trees	Yew tree	60	Yew tree (60 Woodcutting)
3305 6032 0	trees	Yew tree	60	Yew tree (60 Woodcutting)
2315 3610 0	trees	Yew tree	60	Yew tree (60 Woodcutting)
2331 3514 0	trees	Yew tree	60	Yew tree (60 Woodcutting)
2358 3510 0	trees	Yew tree	60	Yew tree (60 Woodcutting)
2360 3471 0	trees	Yew tree	60	Yew tree (60 Woodcutting)
2434 3432 0	trees	Yew tree	60	Yew tree (60 Woodcutting)
2493 3396 0	trees	Yew tree	60	Yew tree (60 Woodcutting)
2495 3490 0	trees	Yew tree	60	Yew tree (60 Woodcutting)
2733 3334 0	trees	Yew tree	60	Yew tree (60 Woodcutting)
2757 3431 0	trees	Yew tree	60	Yew tree (60 Woodcutting)
2714 3460 0	trees	Yew tree	60	Yew tree (60 Woodcutting)
2995 3312 0	trees	Yew tree	60	Yew tree (60 Woodcutting)
3018 3316 0	trees	Yew tree	60	Yew tree (60 Woodcutting)
3041 3320 0	trees	Yew tree	60	Yew tree (60 Woodcutting)
3052 3272 0	trees	Yew tree	60	Yew tree (60 Woodcutting)
2931 3231 0	trees	Yew tree	60	Yew tree (60 Woodcutting)
3085 3481 0	trees	Yew tree	60	Yew tree (60 Woodcutting)
3085 3469 0	trees	Yew tree	60	Yew tree (60 Woodcutting)
3146 3255 0	trees	Yew tree	60	Yew tree (60 Woodcutting)
3151 3231 0	trees	Yew tree	60	Yew tree (60 Woodcutting)
3165 3220 0	trees	Yew tree	60	Yew tree (60 Woodcutting)
3184 3227 0	trees	Yew tree	60	Yew tree (60 Woodcutting)
3251 3364 0	trees	Yew tree	60	Yew tree (60 Woodcutting)
3204 3504 0	trees	Yew tree	60	Yew tree (60 Woodcutting)
3208 3500 0	trees	Yew tree	60	Yew tree (60 Woodcutting)
3221 3503 0	trees	Yew tree	60	Yew tree (60 Woodcutting)
3248 3473 0	trees	Yew tree	60	Yew tree (60 Woodcutting)
3266 3494 0	trees	Yew tree	60	Yew tree (60 Woodcutting)
3270 3471 0	trees	Yew tree	60	Yew tree (60 Woodcutting)
3304 3470 0	trees	Yew tree	60	Yew tree (60 Woodcutting)
3249 3202 0	trees	Yew tree	60	Yew tree (60 Woodcutting)
3674 3447 0	trees	Yew tree	60	Yew tree (60 Woodcutting)
3684 3385 0	trees	Yew tree	60	Yew tree (60 Woodcutting)
2147 2972 0	trees	Yew tree	60	Yew tree (60 Woodcutting)
2165 2863 0	trees	Yew tree	60	Yew tree (60 Woodcutting)
2340 2762 0	trees	Yew tree	60	Yew tree (60 Woodcutting)
2077 2707 0	trees	Yew tree	60	Yew tree (60 Woodcutting)
1950 2786 0	trees	Yew tree	60	Yew tree (60 Woodcutting)
1224 2781 0	trees	Yew tree	60	Yew tree (60 Woodcutting)
3276 2339 0	trees	Yew tree	60	Yew tree (60 Woodcutting)
2412 4464 0	trees	Yew tree	60	Yew tree (60 Woodcutting)
2465 4427 0	trees	Yew tree	60	Yew tree (60 Woodcutting)
2491 4426 0	trees	Yew tree	60	Yew tree (60 Woodcutting)
2542 2184 0	trees	Yew tree	60	Yew tree (60 Woodcutting)
3144 2520 0	trees	Yew/Jatoba trees	60	Yew/Jatoba trees (60 Woodcutting)
2476 2707 0	trees	Willow/Yew trees	60	Willow/Yew trees (60 Woodcutting)
2476 2893 0	trees	Maple/Yew trees	60	Maple/Yew trees (60 Woodcutting)
1379 2876 0	trees	Maple/Yew trees	60	Maple/Yew trees (60 Woodcutting)
2086 2737 0	trees	Maple/Yew trees	60	Maple/Yew trees (60 Woodcutting)
2074 2723 0	trees	Maple/Yew trees	60	Maple/Yew trees (60 Woodcutting)
2061 2720 0	trees	Maple/Yew trees	60	Maple/Yew trees (60 Woodcutting)
1358 3302 0	trees	Maple/Yew trees	60	Maple/Yew trees (60 Woodcutting)
3631 3362 0	trees	Blisterwood tree	62	Blisterwood tree (62 Woodcutting)
3662 3802 0	trees	Sulliuscep	65	Sulliuscep (65 Woodcutting)
3662 3781 0	trees	Sulliuscep	65	Sulliuscep (65 Woodcutting)
3677 3806 0	trees	Sulliuscep	65	Sulliuscep (65 Woodcutting)
3677 3733 0	trees	Sulliuscep	65	Sulliuscep (65 Woodcutting)
3682 3775 0	trees	Sulliuscep	65	Sulliuscep (65 Woodcutting)
3682 3758 0	trees	Sulliuscep	65	Sulliuscep (65 Woodcutting)
3192 2487 0	trees	Camphor tree	66	Camphor tree (66 Woodcutting)
3204 2481 0	trees	Camphor tree	66	Camphor tree (66 Woodcutting)
3245 2397 0	trees	Camphor/Mahogany trees	66	Camphor/Mahogany trees (66 Woodcutting)
3109 2413 0	trees	Camphor/Jatoba trees	66	Camphor/Jatoba trees (66 Woodcutting)
1373 3821 0	trees	Magic tree	75	Magic tree (75 Woodcutting)
1389 3821 0	trees	Magic tree	75	Magic tree (75 Woodcutting)
1610 3443 0	trees	Magic tree	75	Magic tree (75 Woodcutting)
1578 3488 0	trees	Magic tree	75	Magic tree (75 Woodcutting)
1685 3740 0	trees	Magic tree	75	Magic tree (75 Woodcutting)
1681 3689 0	trees	Magic tree	75	Magic tree (75 Woodcutting)
1751 3564 0	trees	Magic tree	75	Magic tree (75 Woodcutting)
1796 3600 0	trees	Magic tree	75	Magic tree (75 Woodcutting)
1394 3164 0	trees	Magic tree	75	Magic tree (75 Woodcutting)
1323 2974 0	trees	Magic tree	75	Magic tree (75 Woodcutting)
1455 3321 0	trees	Magic tree	75	Magic tree (75 Woodcutting)
1387 3281 0	trees	Magic tree	75	Magic tree (75 Woodcutting)
1328 3059 0	trees	Magic tree	75	Magic tree (75 Woodcutting)
1328 3033 0	trees	Magic tree	75	Magic tree (75 Woodcutting)
3355 3312 0	trees	Magic tree	75	Magic tree (75 Woodcutting)
3368 3312 0	trees	Magic tree	75	Magic tree (75 Woodcutting)
2284 3141 0	trees	Magic tree	75	Magic tree (75 Woodcutting)
3229 6101 0	trees	Magic tree	75	Magic tree (75 Woodcutting)
2371 3427 0	trees	Magic tree	75	Magic tree (75 Woodcutting)
2432 3411 0	trees	Magic tree	75	Magic tree (75 Woodcutting)
2490 3414 0	trees	Magic tree	75	Magic tree (75 Woodcutting)
2704 3397 0	trees	Magic tree	75	Magic tree (75 Woodcutting)
2695 3423 0	trees	Magic tree	75	Magic tree (75 Woodcutting)
2443 2845 0	trees	Magic tree	75	Magic tree (75 Woodcutting)
3043 2640 0	trees	Magic tree	75	Magic tree (75 Woodcutting)
2090 3178 0	trees	Magic tree	75	Magic tree (75 Woodcutting)
3175 3931 0	trees	Magic tree	75	Magic tree (75 Woodcutting)
2599 7780 0	trees	Bloodwood tree	77	Bloodwood tree (77 Woodcutting)
2696 7823 0	trees	Bloodwood tree	77	Bloodwood tree (77 Woodcutting)
2223 2341 0	trees	Ironwood tree	80	Ironwood tree (80 Woodcutting)
2221 2322 0	trees	Ironwood tree	80	Ironwood tree (80 Woodcutting)
2205 2321 0	trees	Ironwood tree	80	Ironwood tree (80 Woodcutting)
1569 3493 0	trees	Redwood tree	90	Redwood tree (90 Woodcutting)
1569 3483 0	trees	Redwood tree	90	Redwood tree (90 Woodcutting)
2152 3540 0	trees	Rosewood tree	92	Rosewood tree (92 Woodcutting)
2136 3546 0	trees	Rosewood tree	92	Rosewood tree (92 Woodcutting)
2149 3557 0	trees	Rosewood tree	92	Rosewood tree (92 Woodcutting)
