# Name	Origin	Destination	Skills	Items	Quests	Varbits	Wiki
# From the OSRS Wiki (CC BY-NC-SA 3.0) and the OSRS game cache; built by local-development/tools/travel-data
# Agility shortcuts, one row per direction: Origin is where it starts, Destination the other side ('x y plane').
# Skills: '25 Magic;43 Agility'. Items: item ids, '&&' joins items all needed, '||' alternatives, '=n' a quantity ('563=1&&556=3', '1712||1710'). Quests: quest names as RuneLite's Quest list names them, ';'-separated. Varbits: 'id=value' (also < > & for less, more, bit set), ';'-separated
Stepping stones (Lumbridge Swamp Caves)	3221 9555 0	3206 9572 0	1 Agility				Stepping stone (Lumbridge Swamp Caves)
Stepping stones (Lumbridge Swamp Caves)	3206 9572 0	3221 9555 0	1 Agility				Stepping stone (Lumbridge Swamp Caves)
Crumbling wall (Falador)	2935 3355 0		5 Agility				Crumbling wall (Falador)
Climbing rocks (Yanille)	2561 3108 0		5 Agility				Climbing rocks (Yanille)
Broken Raft (River Lum)	3252 3179 0		8 Agility;19 Strength;37 Ranged	9419			Broken Raft
Rocks (Corsair Cove)	2546 2872 0		10 Agility				Rocks (Corsair Cove)
Rough wall (Falador)	3033 3390 0	3032 3389 0	11 Agility;37 Strength;19 Ranged	9419			Rough wall (Falador)
Rough wall (Falador)	3032 3389 0	3033 3390 0	11 Agility;37 Strength;19 Ranged	9419			Rough wall (Falador)
Stepping stones (Brimhaven Dungeon)	2649 9561 0	2647 9558 0	12 Agility				Stepping stones (Western Brimhaven Dungeon)
Stepping stones (Brimhaven Dungeon)	2647 9558 0	2649 9561 0	12 Agility				Stepping stones (Western Brimhaven Dungeon)
Fence (Varrock)	3240 3335 0	3240 3334 0	13 Agility				Fence (Varrock)
Fence (Varrock)	3240 3334 0	3240 3335 0	13 Agility				Fence (Varrock)
Tight-gap (Goblin Village)	2928 3521 0	2927 3522 0	14 Agility				Tight-gap (Goblin Village)
Tight-gap (Goblin Village)	2927 3522 0	2928 3521 0	14 Agility				Tight-gap (Goblin Village)
Pillar jump (Corsair Cove Dungeon)	1981 8996 1		15 Agility		Dragon Slayer I		Pillar (Corsair Cove Dungeon)
Rock slide (Cairn Isle)	2792 2978 0	2792 2980 0	15 Agility				Rock slide (Cairn Isle)
Rock slide (Cairn Isle)	2792 2980 0	2792 2978 0	15 Agility				Rock slide (Cairn Isle)
Underwall tunnel (Yanille)	2575 3108 0	2575 3111 0	16 Agility				Underwall tunnel (Yanille)
Underwall tunnel (Yanille)	2575 3111 0	2575 3108 0	16 Agility				Underwall tunnel (Yanille)
Crack (Catacombs of Kourend)	1646 10001 0	1648 10008 0	17 Agility				Crack (Southern Catacombs of Kourend)
Crack (Catacombs of Kourend)	1648 10008 0	1646 10001 0	17 Agility				Crack (Southern Catacombs of Kourend)
Broken window (Slayer Tower)	3443 3532 0	3443 3533 0	18 Agility				Broken window (Slayer Tower)
Broken window (Slayer Tower)	3443 3533 0	3443 3532 0	18 Agility				Broken window (Slayer Tower)
Log balance (Coal Trucks)	2599 3477 0	2602 3477 0	20 Agility				Log balance (Coal Trucks)
Log balance (Coal Trucks)	2602 3477 0	2599 3477 0	20 Agility				Log balance (Coal Trucks)
Underwall tunnel (Grand Exchange)	3138 3516 0	3141 3513 0	21 Agility				Underwall tunnel (Grand Exchange)
Underwall tunnel (Grand Exchange)	3141 3513 0	3138 3516 0	21 Agility				Underwall tunnel (Grand Exchange)
Pipe (Brimhaven Dungeon)	2655 9571 0	2655 9567 0	22 Agility				Pipe (Brimhaven Dungeon Entrance)
Pipe (Brimhaven Dungeon)	2655 9567 0	2655 9571 0	22 Agility				Pipe (Brimhaven Dungeon Entrance)
Rocks (Observatory)	2448 3155 0		23 Agility;28 Strength;24 Ranged		Observatory Quest		Rocks (Observatory)
Broken wall (Nemus Retreat)	1369 3295 0	1387 3302 0	24 Agility				Broken wall (Nemus Retreat)
Broken wall (Nemus Retreat)	1387 3302 0	1369 3295 0	24 Agility				Broken wall (Nemus Retreat)
Rocks (Eagles' Peak)	2322 3501 0	2323 3497 0	25 Agility				Rocks (Eagles' Peak)
Rocks (Eagles' Peak)	2323 3497 0	2322 3501 0	25 Agility				Rocks (Eagles' Peak)
Fence (Burgh de Rott)	3474 3221 0	3473 3221 0	25 Agility		In Aid of the Myreque		Fence (Burgh de Rott)
Fence (Burgh de Rott)	3473 3221 0	3474 3221 0	25 Agility		In Aid of the Myreque		Fence (Burgh de Rott)
Underwall tunnel (Falador)	2948 3310 0	2948 3312 0	26 Agility				Underwall tunnel (Falador)
Underwall tunnel (Falador)	2948 3312 0	2948 3310 0	26 Agility				Underwall tunnel (Falador)
Stones (Catacombs of Kourend)	1610 10063 0	1613 10068 0	28 Agility				Stones (Catacombs of Kourend)
Stones (Catacombs of Kourend)	1613 10068 0	1610 10063 0	28 Agility				Stones (Catacombs of Kourend)
Rocks (Mount Karuulm)	1325 3782 0		29 Agility				Rocks (Mount Karuulm)#Lower
Rocks (Corsair Cove Resource Area)	2488 2898 0	2486 2898 0	30 Agility		Dragon Slayer I		Rocks (Corsair Cove Resource Area)
Rocks (Corsair Cove Resource Area)	2486 2898 0	2488 2898 0	30 Agility		Dragon Slayer I		Rocks (Corsair Cove Resource Area)
Stepping stones (Shilo Village)	2925 2950 0	2925 2948 0	30 Agility				Stepping stones (Karamja)
Stepping stones (Shilo Village)	2925 2948 0	2925 2950 0	30 Agility				Stepping stones (Karamja)
Stepping stone (Draynor Manor)	3151 3363 0		31 Agility				Stepping stone (Champions' Guild)
Rocks (Catherby)	2869 3429 0		32 Agility;35 Strength;35 Ranged	9419			Rocks (Catherby)
Stepping stone (Shilo Village)	2863 2974 0		32 Agility				Stepping stone (Shilo Village)
Log balance (Ardougne)	2599 3336 0	2601 3336 0	33 Agility				Log balance (East Ardougne)
Log balance (Ardougne)	2601 3336 0	2599 3336 0	33 Agility				Log balance (East Ardougne)
Tunnel (Nemus Retreat)	1368 3324 0	1368 3326 0	33 Agility				Tunnel (Nemus Retreat)
Tunnel (Nemus Retreat)	1368 3326 0	1368 3324 0	33 Agility				Tunnel (Nemus Retreat)
Crack (Catacombs of Kourend)	1706 10077 0	1716 10057 0	34 Agility				Crack (Northern Catacombs of Kourend)
Crack (Catacombs of Kourend)	1716 10057 0	1706 10077 0	34 Agility				Crack (Northern Catacombs of Kourend)
Trellis (Varrock Palace)	3228 3471 0	3228 3470 0	35 Agility		Garden of Tranquillity		Trellis (Varrock)
Trellis (Varrock Palace)	3228 3470 0	3228 3471 0	35 Agility		Garden of Tranquillity		Trellis (Varrock)
Rocky handholds (Rellekka Hunter area)	2741 3830 0	2742 3830 0	35 Agility				Rocky handholds (Rellekka Hunter area)
Rocky handholds (Rellekka Hunter area)	2742 3830 0	2741 3830 0	35 Agility				Rocky handholds (Rellekka Hunter area)
Crossbow Tree (Water Obelisk Island)	2841 3434 0		36 Agility;22 Strength;39 Ranged	9419			Crossbow Tree
Stepping stone (Nemus Retreat)	1395 3309 0	1397 3309 0	36 Agility				Stepping stone (Nemus Retreat)
Stepping stone (Nemus Retreat)	1397 3309 0	1395 3309 0	36 Agility				Stepping stone (Nemus Retreat)
Rocks (Gnome Stronghold)	2487 3515 0	2489 3520 0	37 Agility				Rocks (Tree Gnome Stronghold)
Rocks (Gnome Stronghold)	2489 3520 0	2487 3515 0	37 Agility				Rocks (Tree Gnome Stronghold)
Rocks (Al Kharid)	3305 3315 0	3303 3315 0	38 Agility				Rocks (Al Kharid)
Rocks (Al Kharid)	3303 3315 0	3305 3315 0	38 Agility				Rocks (Al Kharid)
Wall (Yanille)	2553 3072 0		39 Agility;38 Strength;21 Ranged	9419			Wall (Yanille)
Stepping stones (Hosidius)	1612 3570 0	1605 3571 0	40 Agility				Stepping stones (River Hos)
Stepping stones (Hosidius)	1605 3571 0	1612 3570 0	40 Agility				Stepping stones (River Hos)
Log balance (Tlati Rainforest)	1283 3139 0	1283 3146 0	40 Agility				Log balance (Tlati Rainforest)
Log balance (Tlati Rainforest)	1283 3146 0	1283 3139 0	40 Agility				Log balance (Tlati Rainforest)
Rocks (Trollheim)	2870 3671 0		41 Agility				Rocks (Trollheim easy)
Rocks (Nemus Retreat)	1392 3323 0	1395 3323 0	41 Agility				Rocks (Nemus Retreat)
Rocks (Nemus Retreat)	1395 3323 0	1392 3323 0	41 Agility				Rocks (Nemus Retreat)
Narrow crevice (Dwarven Mine)	3029 9806 0	3034 9806 0	42 Agility				Narrow crevice (Dwarven Mine)
Narrow crevice (Dwarven Mine)	3034 9806 0	3029 9806 0	42 Agility				Narrow crevice (Dwarven Mine)
Underwall tunnel (Draynor)	3067 3257 0	3069 3257 0	42 Agility				Underwall tunnel (Draynor Village)
Underwall tunnel (Draynor)	3069 3257 0	3067 3257 0	42 Agility				Underwall tunnel (Draynor Village)
Rocks (Trollheim)	2878 3666 0		43 Agility				Rocks (Trollheim medium)
Strange floor (Fremennik Slayer Dungeon)	2769 10002 0	2774 10003 0	43 Agility				Strange floor (Fremennik Slayer Dungeon)
Strange floor (Fremennik Slayer Dungeon)	2774 10003 0	2769 10002 0	43 Agility				Strange floor (Fremennik Slayer Dungeon)
Rocks (Trollheim)	2909 3683 0		44 Agility				Rocks (Trollheim advanced)
Stepping stones (Hosidius)	1722 3551 0		45 Agility				Stepping stones (Hosidius)
Log balance (Auburn Valley)	1453 3333 0	1401 3288 0	45 Agility				Log balance (Auburn Valley)
Log balance (Auburn Valley)	1401 3288 0	1453 3333 0	45 Agility				Log balance (Auburn Valley)
Rocks (The Proudspire)	1587 3261 0	1590 3258 0	45 Agility				Rocks (The Proudspire, lower)
Rocks (The Proudspire)	1590 3258 0	1587 3261 0	45 Agility				Rocks (The Proudspire, lower)
Jutting wall (Cosmic Temple)	2400 4403 0	2409 4401 0	46 Agility				Jutting wall (Zanaris)#Medium
Jutting wall (Cosmic Temple)	2409 4401 0	2400 4403 0	46 Agility				Jutting wall (Zanaris)#Medium
Narrow crevice (Deep Wilderness Dungeon)	3046 10327 0	3048 10335 0	46 Agility				Narrow crevice (Deep Wilderness Dungeon)
Narrow crevice (Deep Wilderness Dungeon)	3048 10335 0	3046 10327 0	46 Agility				Narrow crevice (Deep Wilderness Dungeon)
Log balance (Tonali Cavern)	1302 9398 0	1305 9398 0	46 Agility				Log balance (Tonali Cavern)
Log balance (Tonali Cavern)	1305 9398 0	1302 9398 0	46 Agility				Log balance (Tonali Cavern)
Rocks (Trollheim)	2902 3680 0		47 Agility				Rocks (Trollheim hard)
Rocks (Ralos' Rise)	1456 3128 0	1464 3128 0	47 Agility				Rocks (Ralos' Rise)
Rocks (Ralos' Rise)	1464 3128 0	1456 3128 0	47 Agility				Rocks (Ralos' Rise)
Log balance (Fremennik Province)	2722 3595 0	2722 3593 0	48 Agility				Log balance (Fremennik Province)
Log balance (Fremennik Province)	2722 3593 0	2722 3595 0	48 Agility				Log balance (Fremennik Province)
Boulder (Dense essence mine)	1776 3883 0		49 Agility				Boulder (dense essence mine)
Fence (Draynor Manor)	3085 3352 0	3086 3352 0	49 Agility				Broken fence (Draynor Manor)
Fence (Draynor Manor)	3086 3352 0	3085 3352 0	49 Agility				Broken fence (Draynor Manor)
Stepping stone (Morytania)	3419 3325 0		50 Agility				Stepping stone (Mort Myre Swamp)
Obstacle pipe (Edgeville Dungeon)	3150 9906 0	3153 9906 0	51 Agility				Obstacle pipe (Edgeville Dungeon)
Obstacle pipe (Edgeville Dungeon)	3153 9906 0	3150 9906 0	51 Agility				Obstacle pipe (Edgeville Dungeon)
Railing (Arceuus Library)	1628 3803 1	1628 3813 1	52 Agility				Railing (Arceuus Library)
Railing (Arceuus Library)	1628 3813 1	1628 3803 1	52 Agility				Railing (Arceuus Library)
Stepping stone (Champions' Guild)	3193 3340 0	3193 3344 0	52 Agility				Stepping stone (Champions' Guild south)
Stepping stone (Champions' Guild)	3193 3344 0	3193 3340 0	52 Agility				Stepping stone (Champions' Guild south)
Rocks (dense essence mine)	1771 3851 0		52 Agility				Rocks (dense essence mine, east)
Strong Tree (Karamja)	2873 3134 0		53 Agility;21 Strength;42 Ranged	9419			Strong Tree (Karamja volcano)
Dark tunnel (Motherlode Mine)	3760 5670 0	3764 5671 0	54 Agility				Dark tunnel (Motherlode Mine)
Dark tunnel (Motherlode Mine)	3764 5671 0	3760 5670 0	54 Agility				Dark tunnel (Motherlode Mine)
Dark tunnel (Motherlode Mine)	3760 5670 0	3764 5671 0	54 Agility				Dark tunnel (Motherlode Mine)
Dark tunnel (Motherlode Mine)	3764 5671 0	3760 5670 0	54 Agility				Dark tunnel (Motherlode Mine)
Rocks (Aldarin)	1342 2917 0	1339 2917 0	54 Agility				Rocks (Aldarin)
Rocks (Aldarin)	1339 2917 0	1342 2917 0	54 Agility				Rocks (Aldarin)
Rocks (Giants' Plateau)	3393 3155 0		54 Agility				Rocks (Giants' Plateau)
Stepping stone (Miscellania)	2573 3861 0		55 Agility				Stepping stone (Miscellania)
Stepping stones (Brimhaven Dungeon)	2686 9548 0	2696 9529 0	56 Agility				Stepping stones (Eastern Brimhaven Dungeon)
Stepping stones (Brimhaven Dungeon)	2696 9529 0	2686 9548 0	56 Agility				Stepping stones (Eastern Brimhaven Dungeon)
Broken fence (Rellekka)	2689 3697 0		57 Agility				Broken fence (Rellekka)
Weathered wall (Port Phasmatys)	3670 9888 3	3671 9888 3	58 Agility				Weathered wall
Weathered wall (Port Phasmatys)	3671 9888 3	3670 9888 3	58 Agility				Weathered wall
Stepping Stone (Wyrmscraig)	2584 2282 0	2584 2284 0	58 Agility				Basalt stepping stone
Stepping Stone (Wyrmscraig)	2584 2284 0	2584 2282 0	58 Agility				Basalt stepping stone
Rocks (Arandar)	2338 3282 0	2346 3299 0	59 Agility				Rocks (Tirannwn)#Easy
Rocks (Arandar)	2346 3299 0	2338 3282 0	59 Agility				Rocks (Tirannwn)#Easy
Cave (Stalker Den)	1324 9766 0		59 Agility				Cave (Stalker Den)
Rocky handholds (Wilderness)	2926 3761 0	2949 3767 0	60 Agility		Troll Stronghold		Rocky handholds (God Wars Dungeon, Wilderness)
Rocky handholds (Wilderness)	2949 3767 0	2926 3761 0	60 Agility		Troll Stronghold		Rocky handholds (God Wars Dungeon, Wilderness)
Stepping stone (Mos Le'Harmless)	3711 2969 0		60 Agility				Stepping stone (Mos Le'Harmless)
Gap (Wintertodt)	1628 4023 0	1632 4023 0	60 Agility				Gap (Wintertodt)
Gap (Wintertodt)	1632 4023 0	1628 4023 0	60 Agility				Gap (Wintertodt)
Obstacle pipe (Edgeville Dungeon)	3122 9881 0		60 Agility				Obstacle pipe (Edgeville Dungeon south)
Tunnel (Asgarnian Ice Dungeon)	2987 9547 0	2980 9569 0	60 Agility				Tunnel (Asgarnian Ice Dungeon, level 60)
Tunnel (Asgarnian Ice Dungeon)	2980 9569 0	2987 9547 0	60 Agility				Tunnel (Asgarnian Ice Dungeon, level 60)
Spikey chain (Slayer Tower)	3422 3550 0		61 Agility				Spikey chain (Slayer Tower medium)
Crevice (Fremennik Slayer Dungeon)	2731 10008 0	2734 10008 0	61 Agility				Crevice (Fremennik Slayer Dungeon)
Crevice (Fremennik Slayer Dungeon)	2734 10008 0	2731 10008 0	61 Agility				Crevice (Fremennik Slayer Dungeon)
Stepping stone (The Great Conch)	3209 2395 0		61 Agility				Stepping stone (The Great Conch)
Rocks (Vampyrium)	2574 7767 0		61 Agility				Rocks (Vampyrium)
Railing (Arceuus Library)	1628 3803 1	1628 3813 1	62 Agility				Railing (Arceuus Library)
Railing (Arceuus Library)	1628 3813 1	1628 3803 1	62 Agility				Railing (Arceuus Library)
Rocks (Mount Karuulm)	1325 3782 0		62 Agility				Rocks (Mount Karuulm)#Upper
Stepping stone (Necropolis)	3291 2700 0	3293 2700 0	62 Agility				Stepping stone (Necropolis)
Stepping stone (Necropolis)	3293 2700 0	3291 2700 0	62 Agility				Stepping stone (Necropolis)
Loose railing (Taverley Dungeon)	2935 9810 0	2936 9810 0	63 Agility				Loose railing (Taverley Dungeon)
Loose railing (Taverley Dungeon)	2936 9810 0	2935 9810 0	63 Agility				Loose railing (Taverley Dungeon)
Wall (Darkmeyer)	3670 3375 0		63 Agility		Sins of the Father		Wall (Darkmeyer)
Strange floor (Forthos Dungeon)	1820 9946 0		63 Agility				Strange floor (Forthos Dungeon)
Rocks (Trollheim)	2922 3672 0	2949 3680 0	64 Agility				Rocks (Wilderness, Trollheim)
Rope (Fossil Island)	3779 3821 0	3783 3821 0	64 Agility				Rope (Fossil Island)
Rope (Fossil Island)	3783 3821 0	3779 3821 0	64 Agility				Rope (Fossil Island)
Stepping stone (Stalker Den)	1308 9784 0		64 Agility				Stepping stone (Stalker Den)
Bush (Vampyrium)	2667 7837 0	2657 7816 0	64 Agility				Bush (Vampyrium)
Bush (Vampyrium)	2657 7816 0	2667 7837 0	64 Agility				Bush (Vampyrium)
Ornate railing (Temple)	3424 3476 0	3425 3484 0	65 Agility				Ornate railing
Ornate railing (Temple)	3425 3484 0	3424 3476 0	65 Agility				Ornate railing
Pillar Jump (Easy) (Revenant Caves)	3220 10086 0		65 Agility				Pillar (Revenant Caves, easy)
Climbing rocks (Taverley)	2946 3439 0		66 Agility				Climbing rocks (Taverley)
Jutting wall (Cosmic Altar)	2400 4403 0	2409 4401 0	66 Agility				Jutting wall (Zanaris)#Advanced
Jutting wall (Cosmic Altar)	2409 4401 0	2400 4403 0	66 Agility				Jutting wall (Zanaris)#Advanced
Stepping stone (Lumbridge Swamp)	3214 3135 0		66 Agility				Stepping stone (Lumbridge Swamp)
Crevice (Heroes' Guild)	2899 9901 0		67 Agility				Crevice (Heroes' Guild)
Rocks (Arandar)	2338 3282 0	2346 3299 0	68 Agility				Rocks (Tirannwn)#Medium
Rocks (Arandar)	2346 3299 0	2338 3282 0	68 Agility				Rocks (Tirannwn)#Medium
Rocks (Ice Mountain)	3001 3483 0	2998 3483 0	68 Agility				Rocks (Ice Mountain)
Rocks (Ice Mountain)	2998 3483 0	3001 3483 0	68 Agility				Rocks (Ice Mountain)
Rocks (dense essence mine)	1761 3873 0		69 Agility				Rocks (dense essence mine, north)
Bridge (Mausoleum bridge)	3505 3560 0	3503 3560 0	69 Agility;59 Construction				Bridge (Mausoleum)
Bridge (Mausoleum bridge)	3503 3560 0	3505 3560 0	69 Agility;59 Construction				Bridge (Mausoleum)
Obstacle pipe (Taverley Dungeon)	2887 9799 0	2890 9799 0	70 Agility				Obstacle pipe (Taverley Dungeon)
Obstacle pipe (Taverley Dungeon)	2890 9799 0	2887 9799 0	70 Agility				Obstacle pipe (Taverley Dungeon)
Hole (Fossil Island)	3715 3816 0	3713 3828 0	70 Agility				Hole (Fossil Island)
Hole (Fossil Island)	3713 3828 0	3715 3816 0	70 Agility				Hole (Fossil Island)
Big window (Al Kharid Palace)	3295 3158 0	3290 3158 0	70 Agility		Prince Ali Rescue		Big window (Al Kharid)
Big window (Al Kharid Palace)	3290 3158 0	3295 3158 0	70 Agility		Prince Ali Rescue		Big window (Al Kharid)
Spikey chain (Slayer Tower)	3422 3550 0		71 Agility				Spikey chain (Slayer Tower advanced)
Crumbling wall (Gu'Tanoth)	2547 3031 0		71 Agility		Watchtower		Crumbling wall (Gu'Tanoth)
Stepping stone (Pollnivneach)	3373 2957 0		71 Agility				Stepping stone (Pollnivneach)
Stepping stone (The Proudspire)	1580 3249 0	1576 3253 0	71 Agility				Rocks (The Proudspire, upper)
Stepping stone (The Proudspire)	1576 3253 0	1580 3249 0	71 Agility				Rocks (The Proudspire, upper)
Dry stone wall (Barrows)	3546 3282 0	3545 3282 0	72 Agility				Dry stone wall (Barrows)
Dry stone wall (Barrows)	3545 3282 0	3546 3282 0	72 Agility				Dry stone wall (Barrows)
Stepping stone (Wilderness)	3268 3627 0		72 Agility				Stepping stone (Wilderness Chaos Temple)
Tunnel (Stronghold Slayer Cave)	2430 9806 0	2434 9807 0	72 Agility				Tunnel (Stronghold Slayer Cave)
Tunnel (Stronghold Slayer Cave)	2434 9807 0	2430 9806 0	72 Agility				Tunnel (Stronghold Slayer Cave)
Tunnel (Asgarnian Ice Dungeon)	3025 9570 0		72 Agility				Tunnel (Asgarnian Ice Dungeon, level 72)
Rocks (Troll Stronghold)	2839 3693 0	2843 3693 0	73 Agility		My Arm's Big Adventure		Rocks (Troll Stronghold)
Rocks (Troll Stronghold)	2843 3693 0	2839 3693 0	73 Agility		My Arm's Big Adventure		Rocks (Troll Stronghold)
Rocks (Kourend's Blood Altar)	1743 3854 0	1751 3854 0	73 Agility				Rocks (dense essence mine, west)
Gap (Chasm of Fire)	1450 10095 2		73 Agility				Gap (Chasm of Fire)
Pillar (Vampyrium)	2572 7800 0	2572 7797 0	73 Agility				Pillar (Vampyrium)
Pillar (Vampyrium)	2572 7797 0	2572 7800 0	73 Agility				Pillar (Vampyrium)
Zip line (Fossil Island)	3765 3883 1	3765 3884 1	74 Agility				Zip line (Fossil Island)
Zip line (Fossil Island)	3765 3884 1	3765 3883 1	74 Agility				Zip line (Fossil Island)
Stepping stone (Lava Dragon Isle)	3201 3808 0		74 Agility				Stepping stone (Lava Dragon Isle)
Cave (Meiyerditch Laboratories)	3560 9810 0	3555 9784 0	74 Agility		Sins of the Father		Cave (Meiyerditch Laboratories medium)
Cave (Meiyerditch Laboratories)	3555 9784 0	3560 9810 0	74 Agility		Sins of the Father		Cave (Meiyerditch Laboratories medium)
Pillar Jump (Medium) (Revenant Caves)	3220 10086 0		75 Agility				Pillar (Revenant Caves, medium)
Pillar (Ruins of Mokhaiotl)	1311 9506 1	1311 9509 1	75 Agility				Pillar (Ruins of Mokhaiotl)
Pillar (Ruins of Mokhaiotl)	1311 9509 1	1311 9506 1	75 Agility				Pillar (Ruins of Mokhaiotl)
Stepping stone (Zul-Andra)	2157 3072 0		76 Agility		Regicide		Stepping stone (Zul-Andra)
Rocks (The Darkfrost)	1477 3306 0	1477 3308 0	76 Agility				Rocks (The Darkfrost)
Rocks (The Darkfrost)	1477 3308 0	1477 3306 0	76 Agility				Rocks (The Darkfrost)
Crevice (Wilderness Slayer Cave)	3435 10112 0	3435 10115 0	77 Agility				Crevice (Wilderness Slayer Cave)
Crevice (Wilderness Slayer Cave)	3435 10115 0	3435 10112 0	77 Agility				Crevice (Wilderness Slayer Cave)
Tight gap (Iorwerth Dungeon)	3221 12441 0	3217 12441 0	78 Agility				Tight gap (North Iorwerth Dungeon)
Tight gap (Iorwerth Dungeon)	3217 12441 0	3221 12441 0	78 Agility				Tight gap (North Iorwerth Dungeon)
Rockslide (Vampyrium)	2554 7822 0		78 Agility				Rockslide (Vampyrium)
Rocks (Shilo Village)	2871 3007 0	2871 3004 0	79 Agility		Shilo Village		Rocks (Shilo Village)
Rocks (Shilo Village)	2871 3004 0	2871 3007 0	79 Agility		Shilo Village		Rocks (Shilo Village)
Vine (Kharazi Jungle)	2899 2938 0		79 Agility		Legends' Quest		Vine (Kharazi Jungle)
Stepping stone (Sophanem)	3265 2817 0	3269 2817 0	79 Agility				Stepping stone (north of Sophanem)
Stepping stone (Sophanem)	3269 2817 0	3265 2817 0	79 Agility				Stepping stone (north of Sophanem)
Strange floor (Taverley Dungeon)	2879 9813 0		80 Agility				Strange floor (Taverley Dungeon)
Crevice (Waterbirth Island Dungeon)	1853 4406 3	1852 4406 3	81 Agility				Crevice (Waterbirth Island Dungeon)
Crevice (Waterbirth Island Dungeon)	1852 4406 3	1853 4406 3	81 Agility				Crevice (Waterbirth Island Dungeon)
Ivy (Slayer Tower)	3418 3533 0		81 Agility				Ivy
Stepping stone (Lava Maze)	3092 3878 0	3092 3883 0	82 Agility				Stepping stone (Lava Maze)
Stepping stone (Lava Maze)	3092 3883 0	3092 3878 0	82 Agility				Stepping stone (Lava Maze)
Stepping stone (Mos Le'Harmless)	3810 3050 0	3810 3055 0	82 Agility				Stepping Stone (Mos Le'Harmless, level 82)
Stepping stone (Mos Le'Harmless)	3810 3055 0	3810 3050 0	82 Agility				Stepping Stone (Mos Le'Harmless, level 82)
Tunnel (Asgarnian Ice Dungeon)	3013 9550 0	3024 9554 0	82 Agility				Tunnel (Asgarnian Ice Dungeon, level 82)
Tunnel (Asgarnian Ice Dungeon)	3024 9554 0	3013 9550 0	82 Agility				Tunnel (Asgarnian Ice Dungeon, level 82)
Chain (Chasm of Fire)	1436 10075 3		83 Agility				Chain (Chasm of Fire)
Slope (Pollnivneach)	3347 2981 0		83 Agility				Slope (Pollnivneach)
Uneven stone ledges (Grimstone)	2902 10455 0		83 Agility				Uneven stone ledges
Tight gap (Iorwerth Dungeon)	3241 12420 0	3233 12420 0	84 Agility				Tight gap (South Iorwerth Dungeon)
Tight gap (Iorwerth Dungeon)	3233 12420 0	3241 12420 0	84 Agility				Tight gap (South Iorwerth Dungeon)
Rocks (Crandor)	2832 3248 0	2832 3251 0	84 Agility				Rocks (Crandor)
Rocks (Crandor)	2832 3251 0	2832 3248 0	84 Agility				Rocks (Crandor)
Crevice (Deepfin Mine)	2082 9203 0	2076 9203 0	84 Agility				Crevice (Deepfin Mine)
Crevice (Deepfin Mine)	2076 9203 0	2082 9203 0	84 Agility				Crevice (Deepfin Mine)
Rocks (Arandar)	2338 3282 0	2346 3299 0	85 Agility				Rocks (Tirannwn)#Advanced
Rocks (Arandar)	2346 3299 0	2338 3282 0	85 Agility				Rocks (Tirannwn)#Advanced
Rocks (Waterbirth Island)	2546 3748 0	2546 3744 0	85 Agility				Rocks (Waterbirth Island)
Rocks (Waterbirth Island)	2546 3744 0	2546 3748 0	85 Agility				Rocks (Waterbirth Island)
Crevice (Kalphite Lair)	3501 9510 2	3506 9506 2	86 Agility				Crevice (Kalphite Lair)
Crevice (Kalphite Lair)	3506 9506 2	3501 9510 2	86 Agility				Crevice (Kalphite Lair)
Rocks (Darkmeyer)	3564 3379 0		86 Agility				Rocks (Darkmeyer)
Vine (Brimhaven Dungeon)	2672 9583 0	2673 9583 0	87 Agility				Vine (Brimhaven Dungeon)
Vine (Brimhaven Dungeon)	2673 9583 0	2672 9583 0	87 Agility				Vine (Brimhaven Dungeon)
Mysterious pipe (Karuulm Slayer Dungeon)	1316 10214 0	1346 10231 0	88 Agility				Mysterious pipe
Mysterious pipe (Karuulm Slayer Dungeon)	1346 10231 0	1316 10214 0	88 Agility				Mysterious pipe
Pillar Jump (Hard) (Revenant Caves)	3220 10086 0		89 Agility				Pillar (Revenant Caves, hard)
Rocks (Viyeldi Caves)	2381 4714 0		91 Agility		Legends' Quest		Rocks (Viyeldi caves)
Cave (Meiyerditch Laboratories)	3535 9768 0	3541 9772 0	93 Agility		Sins of the Father		Cave (Meiyerditch Laboratories advanced)
Cave (Meiyerditch Laboratories)	3541 9772 0	3535 9768 0	93 Agility		Sins of the Father		Cave (Meiyerditch Laboratories advanced)
Crevice (Shaman Caves)	2769 9340 0	2764 9341 0	96 Agility		Legends' Quest		Crevice (Shaman Caves)
Crevice (Shaman Caves)	2764 9341 0	2769 9340 0	96 Agility		Legends' Quest		Crevice (Shaman Caves)
Stepping stones (Lumbridge Swamp Caves)	3221 9555 0	3206 9572 0	1 Agility				Stepping stone (Lumbridge Swamp Caves)
Stepping stones (Lumbridge Swamp Caves)	3206 9572 0	3221 9555 0	1 Agility				Stepping stone (Lumbridge Swamp Caves)
Basalt rock (Lighthouse)	2522 3597 0		1 Agility				Basalt rock
Bridge (Nature Grotto)	3440 3329 0	3440 3331 0	1 Agility				Bridge (Nature Grotto)
Bridge (Nature Grotto)	3440 3331 0	3440 3329 0	1 Agility				Bridge (Nature Grotto)
Ropeswing (Moss Giant Island)	2703 3205 0	2705 3209 0	10 Agility				Ropeswing (Brimhaven)
Ropeswing (Moss Giant Island)	2705 3209 0	2703 3205 0	10 Agility				Ropeswing (Brimhaven)
Monkey bars (Edgeville)	3119 9964 0	3119 9970 0	15 Agility				Monkey bars (Edgeville Dungeon)
Monkey bars (Edgeville)	3119 9970 0	3119 9964 0	15 Agility				Monkey bars (Edgeville Dungeon)
Rocks (Port Phasmatys)	3599 3564 0	3602 3550 0	25 Agility				Rock (wrecked ghost ship)
Rocks (Port Phasmatys)	3602 3550 0	3599 3564 0	25 Agility				Rock (wrecked ghost ship)
Log balance (red dragon)	2683 9506 0	2686 9506 0	30 Agility				Log balance (Brimhaven Dungeon)
Log balance (red dragon)	2686 9506 0	2683 9506 0	30 Agility				Log balance (Brimhaven Dungeon)
Pipe (Brimhaven Dungeon)	2698 9498 0	2698 9493 0	34 Agility				Pipe (Brimhaven Dungeon)
Pipe (Brimhaven Dungeon)	2698 9493 0	2698 9498 0	34 Agility				Pipe (Brimhaven Dungeon)
Balancing ledge (Yanille Agility Dungeon)	2580 9513 0	2580 9519 0	40 Agility				Balancing ledge (Yanille Agility Dungeon)
Balancing ledge (Yanille Agility Dungeon)	2580 9519 0	2580 9513 0	40 Agility				Balancing ledge (Yanille Agility Dungeon)
Rocks (Tlati Rainforest)	1271 3002 0	1273 3002 0	43 Agility				Rocks (Tlati Rainforest)
Rocks (Tlati Rainforest)	1273 3002 0	1271 3002 0	43 Agility				Rocks (Tlati Rainforest)
Obstacle pipe (Yanille Agility Dungeon)	2573 9506 0	2576 9506 0	49 Agility				Obstacle pipe (Yanille Agility Dungeon)
Obstacle pipe (Yanille Agility Dungeon)	2576 9506 0	2573 9506 0	49 Agility				Obstacle pipe (Yanille Agility Dungeon)
Stepping stone (Anglers' Retreat)	2475 2730 0	2475 2728 0	52 Agility				Rocky outcrop (Anglers' Retreat)
Stepping stone (Anglers' Retreat)	2475 2728 0	2475 2730 0	52 Agility				Rocky outcrop (Anglers' Retreat)
Rubble (Temple of the Eye)	3634 9503 0	3636 9503 0	56 Agility		Temple of the Eye		Rubble (Temple of the Eye)
Rubble (Temple of the Eye)	3636 9503 0	3634 9503 0	56 Agility		Temple of the Eye		Rubble (Temple of the Eye)
Monkey bars (Yanille)	2598 9489 0	2598 9494 0	57 Agility				Monkeybars (Yanille Agility Dungeon)
Monkey bars (Yanille)	2598 9494 0	2598 9489 0	57 Agility				Monkeybars (Yanille Agility Dungeon)
Little crack (God Wars Dungeon)	2900 3713 0	2904 3719 0	60 Agility				Little crack
Little crack (God Wars Dungeon)	2904 3719 0	2900 3713 0	60 Agility				Little crack
Stepping stones (Laguna Aurorae)	1151 2804 0	1154 2804 0	61 Agility				Rocky outcrop (Laguna Aurorae)
Stepping stones (Laguna Aurorae)	1154 2804 0	1151 2804 0	61 Agility				Rocky outcrop (Laguna Aurorae)
Pile of rubble (Yanille Agility Dungeon)	2616 9504 0		67 Agility				Pile of rubble (Yanille Agility Dungeon)
Rock (Rope)	2913 5300 0		70 Agility				Rock (God Wars Dungeon)
