# Parts of the game the world map (and the OSRS Wiki's map and its location lines) draws elsewhere,
# from the game cache's composite maps; built by local-development/tools/map-icons (WorldMapMoves).
# map id <tab> x y width height (where it is drawn) <tab> dx dy floor floors: add dx dy to get where it is;
# its floor is the drawn floor above the lowest one moved (floor), at most floors - 1 above it
1	1792 5312 64 128	-64 -64 1 1
10	2840 10072 24 32	-56 48 0 4
10	2816 10080 24 40	-56 48 0 4
12	3200 9472 64 64	0 0 2 1
14	3648 9600 64 128	-64 64 0 1
14	3584 9664 64 128	-64 64 0 1
14	3776 9664 128 192	0 0 1 3
14	3712 9728 64 128	0 0 1 3
14	3520 9728 40 24	-40 128 0 1
14	3712 9856 16 16	-40 96 0 1
14	3576 9744 8 16	-64 64 0 1
14	3728 9688 48 40	0 0 1 3
14	3712 9712 16 16	0 0 1 3
14	3392 9920 64 64	0 0 3 1
14	3456 9640 64 64	0 24 0 1
14	3456 9560 64 40	0 40 0 1
14	3712 9696 16 16	16 -24 0 4
14	3376 9848 64 64	16 8 0 1
17	2688 9920 40 40	0 32 1 1
18	1920 4992 64 64	192 256 0 1
18	1952 4896 64 64	352 288 0 1
18	1888 5088 64 64	96 96 0 1
20	2656 9856 64 56	-1376 -8632 0 1
20	2752 9600 192 64	0 192 1 1
20	2944 9608 32 48	0 192 1 1
20	2840 9984 40 24	64 -32 0 1
22	2944 10112 64 64	-128 -64 2 1
22	2880 10080 64 64	-64 -32 1 1
23	2464 4992 64 64	-224 320 0 1
24	3328 4544 64 64	-192 0 2 1
24	3168 4608 40 32	-32 32 0 1
24	3232 4544 64 64	-96 0 1 1
25	2544 9728 192 64	-752 -5376 0 1
25	2544 9824 192 64	-752 -5472 1 1
25	2544 9920 192 64	-752 -5568 2 1
25	2544 10016 192 64	-752 -5664 3 1
25	2664 9640 56 56	224 -5280 0 1
25	2608 9640 56 56	280 -5216 0 1
26	3264 10176 64 64	0 0 1 1
26	3392 10176 64 64	0 0 2 1
26	3280 10064 40 32	-320 -5696 2 1
26	3072 10320 56 56	-576 -5640 0 1
26	3088 10240 48 48	-840 -5568 0 1
26	3008 10112 16 40	48 24 3 1
26	2992 10128 16 24	48 24 3 1
26	2928 10072 64 56	80 40 0 1
27	2624 9472 16 16	-16 88 0 1
27	2520 9424 48 48	40 120 0 1
3	3008 9616 64 48	-64 0 0 1
3	3080 9536 72 64	-64 0 1 1
3	2984 9536 32 24	0 0 1 1
30	3712 10240 128 64	0 0 1 1
30	3872 10144 64 128	-96 -32 3 1
31	1856 8960 128 128	0 0 1 1
31	1984 8960 128 64	0 0 1 1
31	2008 9064 32 32	496 216 0 1
32	1792 10112 128 64	-64 0 0 1
32	1408 9792 64 64	0 64 0 1
32	1280 10048 64 64	128 0 2 1
32	1280 9856 128 64	128 192 0 1
32	1280 9952 64 64	128 96 1 1
32	1440 10048 64 64	32 -128 3 1
32	1440 9952 64 64	32 -32 2 1
32	1440 9856 64 64	32 64 1 1
33	1280 9904 64 64	0 16 0 1
33	1280 10000 64 64	0 48 1 1
33	1120 10240 96 56	144 -64 2 1
33	1160 10120 32 112	152 40 1 1
33	1192 10128 8 96	152 40 1 1
33	1128 10136 8 64	152 40 1 1
33	1136 10136 24 96	152 40 1 1
33	1200 10136 16 88	152 40 1 1
33	1112 10144 16 40	152 40 1 1
33	1152 10032 64 64	64 16 0 1
34	3216 12488 24 24	-192 -6376 1 1
34	3264 12416 64 64	-256 -6400 0 1
34	3264 12352 64 64	0 64 0 1
35	2752 6080 128 128	-192 0 1 1
35	2944 6080 128 128	-384 0 2 1
42	3328 9216 64 64	0 -128 0 4
42	3328 9472 64 80	-64 0 0 1
42	3392 9472 16 64	-64 0 0 1
42	3408 9472 16 56	-64 0 0 1
42	3424 9568 56 48	-88 1904 0 2
42	3168 9472 64 64	288 0 2 1
42	3168 9400 64 64	288 72 0 1
43	1280 9664 128 128	-64 64 0 4
43	1536 9408 64 64	0 0 1 3
43	1280 9472 56 64	-64 0 0 4
43	1472 9472 64 40	0 0 1 3
43	1368 9408 32 32	0 24 0 4
44	1408 9472 64 128	0 0 1 3
44	1472 9512 56 88	0 0 1 3
44	1528 9512 8 24	0 0 1 3
44	1384 9536 24 64	0 0 1 3
44	1424 9600 32 8	0 0 1 3
45	1408 9544 64 56	0 64 1 1
46	3080 9352 32 56	-1584 -4744 0 4
46	2880 9408 64 64	-64 64 1 1
46	2560 9472 64 128	64 0 2 1
47	2752 8576 64 128	-192 0 0 4
47	2688 8768 128 64	-64 64 0 4
47	3264 8832 64 64	0 0 1 3
47	3200 8768 64 64	0 64 0 4
48	2240 9216 64 64	-128 64 0 4
48	2112 9280 64 64	-192 128 0 4
48	2176 8960 64 64	0 -256 0 4
5	2816 5376 64 128	-128 -128 2 1
5	2752 5312 64 128	-64 -64 1 1
50	1984 9664 64 64	-64 -192 0 4
50	2048 9984 64 64	0 64 0 4
51	2368 10240 64 64	0 0 1 1
51	2112 10304 64 64	192 0 2 1
6	3168 9664 64 64	544 -4032 1 1
6	3072 9664 64 64	640 -4032 0 1
7	2936 5264 40 40	-32 8 1 1
7	2888 5216 56 40	-8 32 0 1
7	2816 5248 64 128	0 0 2 1
7	2880 5280 40 96	0 0 2 1
7	2920 5312 24 64	0 0 2 1
7	2816 5152 128 48	0 32 0 4
8	2880 6336 128 128	0 0 2 1
# Added by hand (the wiki's own map, not the cache's): its Corporeal Beast's lair map draws the lair (floor 2 in the
# game) as floor 0 (TileLevels: tiles only on floor 0); the Ironman lair 128 tiles north it does not draw
10031	2880 4160 192 192	0 0 2 1
